country,threshold,area_ha,extent_2000_ha,extent_2010_ha,tc_loss_ha_2001,tc_loss_ha_2002,tc_loss_ha_2003,tc_loss_ha_2004,tc_loss_ha_2005,tc_loss_ha_2006,tc_loss_ha_2007,tc_loss_ha_2008,tc_loss_ha_2009,tc_loss_ha_2010,tc_loss_ha_2011,tc_loss_ha_2012,tc_loss_ha_2013,tc_loss_ha_2014,tc_loss_ha_2015,tc_loss_ha_2016,tc_loss_ha_2017,tc_loss_ha_2018,tc_loss_ha_2019,tc_loss_ha_2020,tc_loss_ha_2021,tc_loss_ha_2022,tc_loss_ha_2023,tc_loss_ha_2024,tc_loss_ha_2025
Afghanistan,0,64383655,64383655,64383655,103,214,267,225,268,172,274,123,92,109,134,60,15,9,0,0,0,32,26,46,47,15,133,223,203
Afghanistan,10,64383655,432070,126231,92,190,254,207,246,159,259,112,74,94,116,41,2,4,0,0,0,28,19,40,37,9,32,32,19
Afghanistan,15,64383655,302629,106851,91,186,247,205,240,156,256,110,73,92,115,40,2,3,0,0,0,28,18,39,32,8,22,17,12
Afghanistan,20,64383655,284331,105718,89,181,245,202,238,153,254,108,71,88,114,40,2,3,0,0,0,28,18,39,32,8,22,17,11
Afghanistan,25,64383655,254843,72384,89,180,245,202,237,153,254,108,71,88,114,39,1,3,0,0,0,27,18,38,28,7,20,14,11
Afghanistan,30,64383655,205771,71786,88,179,244,201,236,152,253,108,70,88,113,39,1,3,0,0,0,26,17,37,26,6,15,10,9
Afghanistan,50,64383655,148417,46235,78,135,200,159,170,112,201,84,48,61,94,30,1,2,0,0,0,19,15,33,23,5,8,6,6
Afghanistan,75,64383655,75480,18269,47,61,96,61,64,43,83,28,21,24,42,14,0,0,0,0,0,10,8,19,9,2,3,3,3
AkrotiriandDhekelia,0,46734,46734,46734,5,1,0,4,2,5,7,3,7,1,4,4,3,4,16,21,24,10,14,10,7,1,4,7,10
AkrotiriandDhekelia,10,46734,2425,1126,4,1,0,3,1,4,7,3,6,0,3,4,2,3,11,18,5,3,2,2,2,0,0,4,5
AkrotiriandDhekelia,15,46734,1748,915,3,1,0,3,1,4,7,3,6,0,2,4,2,3,11,18,4,3,2,2,2,0,0,4,5
AkrotiriandDhekelia,20,46734,1518,871,3,1,0,3,0,4,7,3,6,0,2,4,2,3,11,18,4,3,2,2,2,0,0,2,4
AkrotiriandDhekelia,25,46734,1046,821,3,1,0,3,0,4,7,3,6,0,2,4,2,3,11,18,3,2,2,2,2,0,0,2,4
AkrotiriandDhekelia,30,46734,911,767,3,1,0,3,0,4,7,3,6,0,2,4,2,2,11,17,3,2,1,1,2,0,0,2,4
AkrotiriandDhekelia,50,46734,672,475,3,1,0,3,0,4,5,2,6,0,2,4,2,2,10,17,2,1,1,0,1,0,0,1,3
AkrotiriandDhekelia,75,46734,371,271,1,1,0,3,0,2,4,1,5,0,2,4,2,1,6,11,1,0,1,0,0,0,0,1,2
Albania,0,2872761,2872761,2872761,3908,940,676,3454,760,1033,5512,5803,1463,751,1376,6101,3274,1419,427,1394,2870,2926,1625,1830,3267,3517,3419,1631,8314
Albania,10,2872761,838602,712543,3816,909,636,3327,718,986,5345,5608,1378,677,1255,5699,2842,1182,334,1108,2109,2345,1246,1311,2058,2441,2769,1093,5072
Albania,15,2872761,776602,653159,3784,897,629,3300,712,981,5324,5577,1365,671,1240,5626,2761,1154,325,1075,2023,2272,1211,1271,1972,2360,2711,1040,4721
Albania,20,2872761,752831,641677,3760,893,625,3273,706,976,5294,5541,1355,664,1228,5578,2725,1134,322,1052,1967,2234,1188,1240,1926,2318,2669,1012,4564
Albania,25,2872761,706413,620928,3738,890,617,3246,697,967,5237,5488,1341,656,1200,5481,2654,1099,309,1004,1851,2158,1144,1185,1824,2236,2599,957,4212
Albania,30,2872761,648459,588823,3729,889,614,3236,693,962,5222,5470,1337,653,1186,5395,2570,1052,284,928,1687,2048,1074,1117,1686,2095,2503,889,3825
Albania,50,2872761,534671,428699,3402,836,533,2993,630,900,4889,5033,1253,603,1032,4823,2222,941,254,758,1370,1798,947,939,1371,1778,2257,727,2988
Albania,75,2872761,363706,190756,2582,705,374,2429,485,751,3945,4057,1017,499,787,3729,1637,729,198,524,929,1289,724,689,947,1197,1721,482,1815
Algeria,0,230802066,230802066,230802066,3824,3291,4124,4990,4975,6124,5913,9226,11498,3045,8994,13637,12285,16308,9684,13016,63445,8836,11271,21525,32224,19553,37381,8328,10246
Algeria,10,230802066,1690041,1102578,3695,3143,3949,4557,4666,5642,5415,8293,10841,2727,8610,11851,8507,11454,6873,9425,51287,6880,7730,15541,24084,15478,25778,5274,5829
Algeria,15,230802066,1471690,1001692,3597,3090,3894,4475,4570,5552,5324,8145,10671,2676,8504,11547,7890,10738,6410,8884,49440,6386,7128,14608,22654,14691,24206,4903,5263
Algeria,20,230802066,1419495,984480,3533,3049,3863,4432,4530,5499,5270,8071,10574,2646,8447,11406,7644,10440,6238,8646,48556,6266,6909,14169,22139,14389,23728,4788,5108
Algeria,25,230802066,1316363,865134,3506,3026,3848,4400,4498,5448,5221,8008,10516,2620,8390,11185,7328,10066,6015,8373,47550,6028,6631,13711,21458,14042,22990,4615,4777
Algeria,30,230802066,1223324,821437,3468,3009,3830,4374,4469,5413,5200,7971,10466,2605,8342,10908,6926,9523,5705,8011,45969,5761,6290,13072,20472,13442,22020,4407,4498
Algeria,50,230802066,895366,472679,2426,2305,3018,3311,3400,4197,4159,6391,8506,2134,7191,8956,5044,6993,4265,6004,37687,4293,4619,9831,15635,10492,17427,3405,3285
Algeria,75,230802066,496534,221008,1191,1358,1783,1810,1847,2427,2464,3766,5234,1340,4994,5735,2427,3373,2224,3219,22659,2355,2263,5234,7980,5372,10110,1978,1748
Andorra,0,45111,45111,45111,2,1,0,23,2,7,2,5,3,1,1,8,3,1,2,1,4,17,10,30,2,16,7,18,19
Andorra,10,45111,20702,20753,2,1,0,23,2,7,2,5,3,1,1,8,3,1,2,1,4,15,8,28,2,16,6,17,15
Andorra,15,45111,19971,20081,2,1,0,23,2,7,2,5,3,1,1,8,3,1,2,1,4,15,8,28,2,16,6,17,15
Andorra,20,45111,19733,19981,2,1,0,23,2,7,2,5,3,1,1,8,3,1,2,1,4,15,8,28,2,16,6,17,15
Andorra,25,45111,19333,19304,2,1,0,23,2,7,2,5,3,1,1,8,3,1,2,1,3,15,8,27,2,16,6,17,15
Andorra,30,45111,18989,18945,2,1,0,23,2,7,2,5,3,1,1,8,3,1,2,1,3,15,8,27,2,15,6,17,14
Andorra,50,45111,16879,16170,2,1,0,20,2,7,2,5,3,1,1,8,3,1,2,0,3,14,7,26,2,14,6,15,13
Andorra,75,45111,13309,12958,1,1,0,14,1,3,2,5,2,1,1,6,3,1,1,0,3,11,6,24,2,12,5,12,10
Angola,0,124691421,124691421,124691421,120511,73036,69100,98592,134547,108318,219101,158954,273493,198278,289249,255398,269296,300058,228810,333993,443270,372664,273108,394725,445309,391072,408149,432655,571659
Angola,10,124691421,95900328,97264933,119575,72769,68687,98014,133624,107556,217468,157645,271098,197672,287229,252340,262788,295221,225773,329681,433933,365641,268176,386236,437032,385268,399614,422032,556749
Angola,15,124691421,82758877,82167742,117429,71049,65177,92390,125078,101064,201814,146842,248899,191229,263068,239418,247343,283518,217284,317796,410995,348392,254965,366088,414257,369307,379506,400968,525933
Angola,20,124691421,65914471,64907907,109112,65759,57548,80283,106313,86781,167049,121185,196795,173200,212111,203302,202097,244899,186667,268917,336673,287589,208854,298777,346839,311791,316413,335077,441359
Angola,25,124691421,63315324,62605543,107779,64895,56593,78607,103843,84889,162590,117232,189746,170226,205896,198473,194986,238349,181416,260981,324864,278237,201642,288222,336202,302377,306089,324467,428170
Angola,30,124691421,55276135,53831807,101219,61008,52464,71271,93437,76936,145288,103557,165903,159800,182910,180747,168837,212656,161711,229691,280422,242522,175077,247979,298262,266915,268278,283340,377712
Angola,50,124691421,31905173,29970256,76818,43048,35583,43421,53064,48228,88819,56003,92690,111795,100553,113035,99288,135579,102498,137057,159362,146229,101958,133750,190554,158403,160345,158171,219053
Angola,75,124691421,3782934,3335456,33918,12842,10509,7284,8736,4940,26872,9833,17251,18618,13062,19845,24411,30714,24276,33372,31639,37025,25261,24774,55697,34473,37198,28517,43019
Anguilla,0,7988,7988,7988,4,1,6,16,6,3,11,15,3,1,1,3,2,1,0,0,4,0,0,0,3,0,0,0,0
Anguilla,10,7988,2870,1719,4,0,2,10,4,2,9,11,2,0,1,2,2,0,0,0,1,0,0,0,2,0,0,0,0
Anguilla,15,7988,2718,1687,4,0,1,10,4,2,9,11,2,0,1,2,2,0,0,0,1,0,0,0,2,0,0,0,0
Anguilla,20,7988,2553,1608,4,0,1,9,4,1,9,11,2,0,1,2,2,0,0,0,1,0,0,0,2,0,0,0,0
Anguilla,25,7988,2340,1495,4,0,1,9,4,1,9,10,2,0,1,2,1,0,0,0,1,0,0,0,2,0,0,0,0
Anguilla,30,7988,2111,1378,4,0,1,9,4,1,9,10,2,0,1,2,1,0,0,0,1,0,0,0,2,0,0,0,0
Anguilla,50,7988,1363,680,2,0,0,5,2,0,5,6,1,0,1,1,1,0,0,0,0,0,0,0,1,0,0,0,0
Anguilla,75,7988,504,204,1,0,0,1,1,0,2,2,0,0,0,0,0,0,0,0,0,0,0,0,1,0,0,0,0
Antigua and Barbuda,0,43576,43576,43576,24,18,18,27,62,64,38,48,64,20,26,36,30,35,10,19,113,207,26,20,53,51,31,54,31
Antigua and Barbuda,10,43576,21229,21129,24,18,17,26,61,62,38,46,62,20,26,34,23,26,9,15,76,168,24,16,41,39,20,44,19
Antigua and Barbuda,15,43576,20627,21048,24,18,17,26,61,61,38,46,62,20,26,33,22,26,9,15,75,166,24,15,40,39,20,44,18
Antigua and Barbuda,20,43576,20238,20793,24,18,17,26,61,61,37,46,62,19,26,33,22,25,9,15,74,165,24,15,40,38,20,44,18
Antigua and Barbuda,25,43576,19811,20503,24,18,17,26,61,61,37,46,62,19,26,33,22,25,9,14,72,164,23,15,40,38,20,43,18
Antigua and Barbuda,30,43576,19323,19976,24,18,17,25,61,61,37,46,62,19,26,33,21,25,9,14,72,163,23,15,39,37,19,43,17
Antigua and Barbuda,50,43576,17271,16351,23,17,16,25,59,58,36,43,59,18,25,32,20,23,9,14,69,157,23,15,35,35,18,41,16
Antigua and Barbuda,75,43576,13990,11175,19,14,14,22,56,50,30,37,50,16,24,27,17,19,8,11,66,134,21,13,28,32,15,38,13
Argentina,0,277905834,277905834,277905834,193756,125215,318700,522346,428199,360854,481900,652189,332683,444187,538816,520589,443955,298706,211067,276756,290585,206846,179783,246213,261629,302061,284973,267154,255746
Argentina,10,277905834,43361880,42595726,160338,110455,268416,458164,383839,328017,440253,608380,316425,420850,511206,487425,387794,249788,186226,239404,243601,178931,150813,207002,212095,243001,224692,211781,206906
Argentina,15,277905834,42358903,41977868,155655,108693,260980,447388,376488,323410,433054,602619,313967,418065,508150,485356,385727,248109,185035,237577,241632,177753,149695,205215,210153,240969,223075,210023,205217
Argentina,20,277905834,41235307,41250612,152064,107128,255826,441449,372943,320711,430200,598942,312452,416222,504563,482956,382796,245847,183523,235422,239118,176157,148343,202717,207360,238128,220597,207642,202756
Argentina,25,277905834,40127018,39860140,150427,106392,253634,439048,371195,319400,428702,596805,311572,415230,502340,480845,380120,243722,181971,233068,236793,174823,147083,200280,204662,235630,218467,205627,200194
Argentina,30,277905834,39069969,38368479,147802,104935,249107,433425,367246,316414,425336,592719,309854,413246,499195,478180,376746,241118,180228,230313,233945,172964,145459,197404,201896,232225,215941,203057,197870
Argentina,50,277905834,23100520,23896159,102141,73404,131976,248383,228610,210499,247493,396058,206806,297502,355906,347084,253674,155471,119320,143540,159857,112703,98294,133610,136401,163235,153881,141184,134200
Argentina,75,277905834,10581387,13555986,62983,49355,73617,122897,119550,108962,109380,176419,94060,127331,135990,141394,99025,52048,49176,50506,53629,32416,30963,44773,45567,54795,36778,37393,56284
Armenia,0,2969017,2969017,2969017,142,188,413,109,112,148,67,131,216,186,190,222,65,52,2,33,65,8,1,19,5,10,119,58,55
Armenia,10,2969017,384084,303013,136,176,401,86,105,133,58,116,208,168,178,204,45,40,2,31,56,7,1,19,5,9,92,33,39
Armenia,15,2969017,365444,277051,133,174,398,86,105,131,56,115,205,165,176,202,44,40,2,31,55,7,1,19,5,9,90,32,39
Armenia,20,2969017,357620,272006,133,174,398,84,104,131,56,114,204,163,175,201,43,39,2,31,51,6,1,19,5,9,88,31,38
Armenia,25,2969017,346602,259477,133,173,397,84,104,130,55,114,204,163,174,199,42,39,2,30,45,6,1,19,5,9,87,31,37
Armenia,30,2969017,336845,248994,132,173,396,83,104,130,55,113,203,162,174,198,42,38,2,30,42,6,1,19,5,8,86,30,36
Armenia,50,2969017,294625,177147,122,164,387,73,98,121,48,103,188,150,167,184,35,35,2,29,23,5,1,18,4,8,80,26,34
Armenia,75,2969017,224843,56961,98,139,355,57,83,97,40,71,143,130,143,140,23,29,2,26,15,4,0,14,4,6,71,21,26
Aruba,0,18198,18198,18198,0,1,1,0,0,1,1,1,2,0,0,0,1,1,0,0,0,1,1,0,0,0,4,4,16
Aruba,10,18198,216,42,0,1,1,0,0,0,0,0,0,0,0,0,0,0,0,0,0,0,0,0,0,0,0,0,0
Aruba,15,18198,140,41,0,1,1,0,0,0,0,0,0,0,0,0,0,0,0,0,0,0,0,0,0,0,0,0,0
Aruba,20,18198,110,35,0,1,1,0,0,0,0,0,0,0,0,0,0,0,0,0,0,0,0,0,0,0,0,0,0
Aruba,25,18198,41,28,0,1,1,0,0,0,0,0,0,0,0,0,0,0,0,0,0,0,0,0,0,0,0,0,0
Aruba,30,18198,25,24,0,1,1,0,0,0,0,0,0,0,0,0,0,0,0,0,0,0,0,0,0,0,0,0,0
Aruba,50,18198,16,8,0,1,1,0,0,0,0,0,0,0,0,0,0,0,0,0,0,0,0,0,0,0,0,0,0
Aruba,75,18198,12,2,0,0,0,0,0,0,0,0,0,0,0,0,0,0,0,0,0,0,0,0,0,0,0,0,0
Australia,0,768777179,768777179,768777179,961027,556660,997500,255809,736690,399783,594795,354623,289053,479888,168505,193126,356587,565957,490292,680108,451953,532378,2214080,3335014,399129,203792,386478,362685,577330
Australia,10,768777179,65901668,58956861,361863,386963,561317,155213,288961,249474,431489,263265,238482,389180,135333,156036,282232,338589,311409,498664,294519,334206,1823093,2633078,290478,134969,234850,211034,436694
Australia,15,768777179,57533817,53293890,354834,383110,549886,151476,275732,244858,425302,259224,237121,385367,134383,154925,280170,334663,307690,494190,292693,328511,1814067,2617185,288433,133784,229814,208356,432716
Australia,20,768777179,48215026,44951815,285708,344771,452332,138632,231679,226653,406193,245416,229659,369428,129776,149677,271759,310870,289316,470605,273242,298329,1760194,2529077,276248,127797,211373,197388,411759
Australia,25,768777179,46634602,43326559,278266,342467,445645,134568,215930,218033,397836,235608,225668,360852,127605,147073,269565,307080,283622,463994,266999,288829,1742435,2499379,272986,126136,207163,194146,407051
Australia,30,768777179,42281440,39481414,218814,312150,373847,124769,177024,186304,372723,205724,203710,290725,121316,139803,260094,281741,261574,430904,236878,250754,1661547,2356518,261045,118986,190713,180670,384105
Australia,50,768777179,25721135,24452489,67023,84680,151949,94287,96246,114451,181591,127332,168108,87901,86676,88031,181745,192620,149472,305289,175040,155010,1227183,1951341,197489,80012,91077,99045,225410
Australia,75,768777179,17782733,16934269,55260,63642,128963,80250,78646,89381,148668,93890,150405,74709,71315,67154,124932,134979,110260,207692,121619,102873,770431,1428180,145084,53710,56752,61335,143478
Austria,0,8394663,8394663,8394663,7001,10983,14566,14710,21809,12658,31860,27025,15986,16826,18175,11312,7989,10210,8099,17604,18930,26821,34322,26418,17018,20474,27289,28241,28422
Austria,10,8394663,4520148,4576165,6959,10933,14527,14649,21718,12604,31764,26961,15928,16762,18126,11202,7723,9955,7978,17301,18520,26454,33817,26052,16728,19999,26680,27658,27752
Austria,15,8394663,4447418,4471938,6952,10922,14514,14634,21699,12595,31735,26942,15916,16749,18117,11190,7699,9930,7966,17274,18479,26416,33763,26015,16700,19956,26628,27606,27693
Austria,20,8394663,4421861,4455152,6947,10917,14503,14625,21686,12586,31715,26932,15909,16740,18110,11182,7692,9915,7959,17260,18459,26396,33737,25994,16691,19936,26600,27580,27665
Austria,25,8394663,4393426,4405029,6943,10911,14493,14618,21676,12579,31696,26920,15900,16731,18104,11175,7677,9899,7952,17243,18434,26369,33703,25972,16676,19907,26565,27548,27627
Austria,30,8394663,4340284,4353243,6939,10906,14485,14612,21668,12574,31682,26910,15893,16724,18099,11166,7655,9876,7941,17218,18402,26335,33660,25940,16651,19869,26517,27496,27575
Austria,50,8394663,4118613,4012005,6840,10757,14279,14424,21421,12458,31329,26676,15754,16532,17959,11041,7480,9660,7845,16992,18137,26017,33191,25636,16433,19545,26162,27103,27161
Austria,75,8394663,3397355,3204940,6233,9877,13228,13329,19894,11722,29202,25243,14891,15423,16911,10321,6421,8302,7040,15357,16319,23549,29596,23265,14785,17519,23857,24653,24579
Azerbaijan,0,8623526,8623526,8623526,609,1268,1112,669,295,609,569,550,453,682,216,702,263,454,29,30,85,75,14,27,130,154,702,288,235
Azerbaijan,10,8623526,1488956,1261739,575,1193,1062,615,261,550,527,494,394,582,159,623,164,352,28,26,81,75,14,24,100,148,505,189,158
Azerbaijan,15,8623526,1428536,1170416,566,1174,1050,599,255,538,517,479,380,565,153,612,162,348,28,26,81,75,14,24,98,148,496,186,153
Azerbaijan,20,8623526,1389908,1154070,562,1165,1047,596,252,532,513,476,378,560,151,608,157,340,27,26,81,75,14,24,96,148,485,183,150
Azerbaijan,25,8623526,1330922,1110567,558,1161,1045,590,249,529,511,475,375,556,150,603,153,334,27,26,81,75,12,23,93,147,474,180,144
Azerbaijan,30,8623526,1268607,1082391,553,1154,1039,585,246,525,508,472,372,550,147,598,149,328,27,25,80,75,12,23,85,146,461,173,138
Azerbaijan,50,8623526,1113387,873910,488,1065,983,491,206,466,455,435,322,468,126,526,131,299,26,24,79,75,10,21,69,143,408,156,122
Azerbaijan,75,8623526,819513,566412,356,786,788,322,135,347,317,325,232,310,89,345,80,189,24,21,74,63,6,15,56,123,282,108,91
Bahamas,0,1338765,1338765,1338765,481,734,296,622,1483,1083,646,1996,854,418,648,446,2076,1528,1543,3994,6088,1209,2556,5485,2173,963,2085,3722,12760
Bahamas,10,1338765,357636,382388,446,711,284,603,1462,1043,621,1968,836,408,631,379,1691,1169,1226,3357,4395,996,1922,3266,1741,680,1465,2318,9074
Bahamas,15,1338765,339973,377527,443,708,282,598,1458,1036,616,1961,834,406,630,377,1659,1095,1187,3295,4169,975,1814,3063,1695,654,1410,2237,8771
Bahamas,20,1338765,327747,364209,436,705,279,595,1456,1031,613,1957,831,404,627,375,1623,1018,1146,3223,3995,948,1693,2890,1643,630,1340,2109,8414
Bahamas,25,1338765,314078,354006,435,703,277,592,1454,1026,609,1953,828,403,625,372,1591,944,1110,3167,3802,926,1598,2748,1584,608,1291,1998,8177
Bahamas,30,1338765,303575,344168,433,701,274,588,1450,1016,605,1949,824,401,625,371,1573,902,1089,3136,3704,914,1558,2696,1549,593,1259,1960,8004
Bahamas,50,1338765,256960,264112,411,667,257,542,1395,847,545,1881,741,381,603,342,1464,698,957,2909,3054,805,1315,2328,1340,487,1107,1457,6848
Bahamas,75,1338765,199495,174372,374,615,228,474,1261,614,429,1769,646,352,561,292,1310,462,731,2492,2018,612,1091,1956,1108,356,787,764,4763
Bahrain,0,71472,71472,71472,0,0,0,0,0,0,0,0,0,0,0,0,0,0,0,0,0,0,0,0,0,0,1,0,0
Bahrain,10,71472,0,0,0,0,0,0,0,0,0,0,0,0,0,0,0,0,0,0,0,0,0,0,0,0,0,0,0
Bahrain,15,71472,0,0,0,0,0,0,0,0,0,0,0,0,0,0,0,0,0,0,0,0,0,0,0,0,0,0,0
Bahrain,20,71472,0,0,0,0,0,0,0,0,0,0,0,0,0,0,0,0,0,0,0,0,0,0,0,0,0,0,0
Bahrain,25,71472,0,0,0,0,0,0,0,0,0,0,0,0,0,0,0,0,0,0,0,0,0,0,0,0,0,0,0
Bahrain,30,71472,0,0,0,0,0,0,0,0,0,0,0,0,0,0,0,0,0,0,0,0,0,0,0,0,0,0,0
Bahrain,50,71472,0,0,0,0,0,0,0,0,0,0,0,0,0,0,0,0,0,0,0,0,0,0,0,0,0,0,0
Bahrain,75,71472,0,0,0,0,0,0,0,0,0,0,0,0,0,0,0,0,0,0,0,0,0,0,0,0,0,0,0
Bangladesh,0,13938387,13938387,13938387,4655,4089,2215,4414,3362,7065,4168,4661,5817,4859,4391,5958,7891,15559,16504,28071,36458,25623,27686,27045,22098,17670,24298,20834,18121
Bangladesh,10,13938387,2660672,3171859,4610,4026,2177,4332,3319,6944,4060,4546,5698,4740,4261,5588,6806,13691,14348,24320,32071,22166,24846,24152,19684,15448,19680,17638,14710
Bangladesh,15,13938387,2282748,2658755,4604,4017,2171,4317,3310,6915,4042,4524,5675,4719,4234,5495,6477,13016,13644,23001,30503,21010,23657,22985,18763,14729,18869,16900,14031
Bangladesh,20,13938387,2194962,2592260,4599,4011,2166,4306,3306,6899,4027,4512,5659,4705,4215,5466,6397,12880,13465,22720,30189,20756,23443,22772,18578,14576,18678,16754,13899
Bangladesh,25,13938387,2076170,2498310,4591,4002,2163,4290,3299,6880,4010,4495,5644,4684,4198,5445,6354,12799,13387,22559,30000,20599,23327,22656,18481,14483,18551,16661,13806
Bangladesh,30,13938387,1938957,2216745,4587,3995,2159,4282,3293,6863,3995,4480,5625,4668,4181,5359,6022,12061,12603,21196,28377,19343,22079,21476,17587,13798,17787,15929,13176
Bangladesh,50,13938387,1522871,1504904,4507,3866,2087,4077,3197,6557,3762,4242,5355,4420,3976,5102,5482,11039,11338,19238,25940,17501,20410,19775,16073,12572,16184,14713,12152
Bangladesh,75,13938387,685583,606821,3911,3124,1684,2998,2645,4985,2722,3120,3958,3107,3035,3908,3216,6445,6518,11094,15179,9823,12169,11775,9228,7166,9611,8941,7443
Barbados,0,43466,43466,43466,18,16,5,11,14,7,40,16,20,22,20,124,22,13,2,19,20,26,57,32,36,10,22,17,17
Barbados,10,43466,6069,7060,14,13,4,9,11,5,34,14,15,18,19,120,6,2,2,15,16,23,54,24,19,6,7,10,8
Barbados,15,43466,5760,6994,14,13,3,8,10,5,34,14,14,18,19,119,6,2,2,15,16,23,54,23,18,5,6,9,8
Barbados,20,43466,5590,6842,13,12,3,8,10,4,33,14,14,18,18,118,5,2,2,15,16,23,54,23,18,5,6,9,7
Barbados,25,43466,5433,6682,13,12,3,8,10,4,32,14,14,18,18,118,5,2,2,14,16,23,54,22,18,5,6,9,7
Barbados,30,43466,5230,6351,12,11,3,8,10,4,32,14,13,17,18,117,5,2,2,14,16,23,54,22,17,5,6,8,7
Barbados,50,43466,4619,4960,8,9,2,7,7,2,27,11,11,15,17,112,5,2,2,14,15,22,52,20,15,5,5,8,6
Barbados,75,43466,3593,3748,5,6,1,5,3,1,19,9,8,11,15,100,4,1,2,10,13,20,48,16,12,4,5,6,4
Belarus,0,20706903,20706903,20706903,18549,25629,32318,38867,36420,42549,32868,36123,35826,35984,45714,40213,29018,34658,35207,94630,81900,90475,77429,70953,65189,67455,62224,74206,84442
Belarus,10,20706903,9666449,10176803,18474,25518,32242,38739,36301,42386,32751,35986,35664,35835,45490,39738,28349,33948,34364,92108,79826,88637,75889,69579,63974,65648,59899,71922,80386
Belarus,15,20706903,9467493,9865240,18417,25462,32192,38685,36254,42330,32706,35947,35615,35800,45439,39681,28261,33833,34198,91576,79463,88252,75603,69354,63797,65402,59654,71652,79842
Belarus,20,20706903,9376191,9789426,18386,25425,32154,38639,36224,42300,32681,35924,35571,35779,45407,39647,28225,33789,34128,91354,79296,88048,75482,69256,63724,65303,59549,71535,79618
Belarus,25,20706903,9268765,9632409,18373,25408,32137,38619,36208,42286,32670,35911,35556,35767,45386,39625,28168,33724,34032,91022,79086,87798,75311,69127,63627,65176,59419,71378,79313
Belarus,30,20706903,9118583,9486569,18359,25384,32120,38597,36193,42269,32657,35897,35543,35754,45367,39591,28085,33626,33899,90487,78767,87446,75049,68932,63479,64995,59232,71159,78911
Belarus,50,20706903,8384056,8482949,17702,24311,31053,37532,35389,41383,32007,35319,34896,35298,44825,39066,27279,32760,32732,85982,75113,82879,72072,66645,61782,63187,57530,69165,76234
Belarus,75,20706903,5798098,5011437,14886,19679,25050,31352,30202,35372,27728,31213,30958,31453,40085,34877,20188,25222,24910,60727,49635,48747,47587,46598,45265,47654,42016,51072,56568
Belgium,0,3070744,3070744,3070744,1028,2387,1934,4888,3091,7000,6045,7294,5286,10995,5090,5769,3465,4441,3605,4876,4576,5060,6031,5872,9666,5425,8310,6884,4894
Belgium,10,3070744,972705,981722,988,2358,1902,4823,3050,6947,6010,7247,5208,10950,5036,5657,3344,4278,3454,4578,4223,4725,5681,5487,9248,4935,7701,6215,4432
Belgium,15,3070744,927597,936072,981,2355,1895,4809,3040,6936,5999,7233,5193,10935,5027,5647,3334,4264,3442,4559,4197,4696,5650,5463,9215,4902,7658,6176,4399
Belgium,20,3070744,913584,929383,978,2352,1893,4803,3037,6929,5993,7225,5187,10928,5023,5642,3330,4257,3436,4546,4181,4679,5630,5448,9196,4884,7637,6151,4381
Belgium,25,3070744,892225,912854,974,2350,1892,4798,3032,6923,5989,7219,5181,10919,5021,5638,3324,4251,3430,4532,4163,4662,5607,5428,9172,4862,7612,6127,4364
Belgium,30,3070744,865425,890288,971,2348,1890,4793,3028,6916,5985,7214,5176,10909,5016,5635,3315,4239,3420,4512,4137,4631,5577,5409,9143,4834,7579,6093,4339
Belgium,50,3070744,778288,778429,927,2310,1843,4678,2938,6802,5885,7093,5082,10743,4958,5583,3261,4160,3344,4358,3971,4447,5348,5224,8917,4652,7360,5882,4165
Belgium,75,3070744,576914,553588,733,2029,1630,4082,2541,6042,5323,6335,4585,9695,4635,5293,2999,3723,2908,3700,3368,3750,4400,4375,7750,3950,6314,4988,3471
Belize,0,2204341,2204341,2204341,8322,13595,6882,4376,8164,4307,12375,8318,10329,9866,26453,11675,16647,16958,12648,20978,17210,11541,19511,27071,9629,8616,23524,34525,13097
Belize,10,2204341,1780572,1797153,8259,13518,6856,4352,8136,4289,12334,8298,10309,9849,26413,11604,16453,16596,12368,20706,16610,11257,18668,26796,9389,8280,22767,34117,12659
Belize,15,2204341,1771928,1790508,8253,13507,6852,4348,8131,4287,12329,8294,10305,9847,26408,11599,16437,16574,12350,20681,16567,11230,18613,26773,9364,8258,22708,34082,12622
Belize,20,2204341,1765080,1782587,8246,13497,6847,4345,8126,4285,12322,8290,10302,9845,26401,11593,16424,16553,12335,20661,16526,11206,18566,26756,9347,8236,22664,34055,12588
Belize,25,2204341,1757952,1769012,8243,13485,6843,4343,8121,4283,12317,8288,10300,9843,26397,11590,16416,16535,12322,20646,16489,11186,18506,26742,9330,8224,22626,34031,12555
Belize,30,2204341,1751750,1755302,8238,13473,6839,4339,8115,4281,12310,8284,10297,9840,26391,11586,16403,16509,12303,20622,16446,11163,18437,26722,9311,8201,22574,34001,12519
Belize,50,2204341,1713943,1667397,8147,13246,6762,4278,8039,4233,12188,8227,10238,9796,26293,11536,16317,16348,12188,20476,16115,10994,18019,26591,9180,8076,22296,33800,12251
Belize,75,2204341,1646130,1575027,7866,12585,6487,4087,7710,4067,11666,8012,9989,9609,25933,11348,16038,15898,11884,20043,15105,10497,17169,26202,8834,7757,21597,33302,11545
Benin,0,11528632,11528632,11528632,18084,20792,30437,4047,35669,12308,57542,6030,78213,2759,7966,62669,39050,44154,22483,26415,44747,46571,25499,39326,40140,56606,61151,50217,60782
Benin,10,11528632,8877131,7726251,17779,20412,30082,3977,35025,12138,56609,5868,77441,2731,7832,61081,36759,42519,21925,26158,43926,45850,25068,38839,39243,55650,60094,49157,59389
Benin,15,11528632,4559878,4251240,10302,12634,19261,2493,18566,7218,33421,2975,44322,1774,4275,24876,22253,28552,15036,21533,33135,34789,18090,31389,28335,40026,43184,35188,44690
Benin,20,11528632,832773,1382983,5182,6029,6954,1176,4107,3152,9721,867,12183,919,1196,6115,5012,6662,2857,6327,8209,8629,3802,8058,7039,9185,12041,8169,11541
Benin,25,11528632,603733,1071636,4772,5181,5645,1032,3171,2691,7982,738,9627,812,1023,4825,3876,4974,2068,5111,6487,6593,2867,6086,5449,6731,9242,6036,8361
Benin,30,11528632,168202,434951,3748,3479,3475,684,1582,1794,4645,482,4920,529,655,2858,1310,1355,599,2010,2235,1821,773,1603,1700,1670,2602,1390,1939
Benin,50,11528632,8986,14037,1881,924,804,115,248,318,843,81,802,99,95,521,29,23,7,58,37,18,6,16,15,15,20,8,16
Benin,75,11528632,841,145,304,114,110,6,26,19,76,5,88,4,3,37,1,1,0,0,0,0,0,0,0,0,0,0,0
Bermuda,0,6808,6808,6808,0,1,0,1,0,0,0,0,0,1,0,1,2,1,0,0,0,0,0,0,0,0,0,0,0
Bermuda,10,6808,713,1018,0,1,0,1,0,0,0,0,0,1,0,1,2,1,0,0,0,0,0,0,0,0,0,0,0
Bermuda,15,6808,679,860,0,1,0,1,0,0,0,0,0,1,0,1,2,1,0,0,0,0,0,0,0,0,0,0,0
Bermuda,20,6808,658,812,0,1,0,1,0,0,0,0,0,1,0,1,2,1,0,0,0,0,0,0,0,0,0,0,0
Bermuda,25,6808,640,797,0,1,0,1,0,0,0,0,0,1,0,1,2,1,0,0,0,0,0,0,0,0,0,0,0
Bermuda,30,6808,605,780,0,1,0,1,0,0,0,0,0,1,0,1,1,1,0,0,0,0,0,0,0,0,0,0,0
Bermuda,50,6808,437,592,0,1,0,1,0,0,0,0,0,1,0,0,1,1,0,0,0,0,0,0,0,0,0,0,0
Bermuda,75,6808,261,346,0,1,0,1,0,0,0,0,0,1,0,0,1,1,0,0,0,0,0,0,0,0,0,0,0
Bhutan,0,3876298,3876298,3876298,329,242,593,1105,836,677,543,813,1246,4778,1189,907,703,1563,1098,2762,2848,1760,1197,1891,1971,1819,2784,1722,5269
Bhutan,10,3876298,2679175,2646342,308,231,562,1043,791,639,520,787,1201,4511,1134,800,533,1303,821,2106,2141,1372,892,1424,1439,1352,1952,1290,3695
Bhutan,15,3876298,2633403,2599448,303,228,556,1029,780,631,516,784,1192,4446,1118,787,516,1276,791,2047,2061,1320,863,1375,1382,1303,1900,1257,3596
Bhutan,20,3876298,2624347,2588400,301,226,553,1025,777,629,514,781,1187,4426,1113,783,511,1268,784,2034,2042,1308,854,1359,1362,1291,1875,1245,3568
Bhutan,25,3876298,2612863,2533436,299,225,548,1019,775,628,510,779,1183,4401,1108,776,501,1251,768,2005,2014,1279,840,1327,1326,1274,1848,1223,3527
Bhutan,30,3876298,2577238,2508707,298,224,544,1013,770,623,508,775,1175,4354,1091,766,485,1229,747,1963,1972,1240,820,1288,1279,1248,1797,1188,3446
Bhutan,50,3876298,2366476,2116635,276,206,472,921,706,563,468,717,1098,3857,958,691,406,1093,631,1689,1691,1028,697,1098,1049,1073,1537,1029,3037
Bhutan,75,3876298,1664056,1447950,210,164,270,628,508,406,320,523,844,2267,695,521,226,680,328,892,912,495,345,585,497,546,947,556,1712
Bolivia,0,108437926,108437926,108437926,145165,183232,166874,209127,256248,220087,192243,377197,229146,456098,336798,280088,190017,270929,172949,501075,481613,316782,876242,441565,576417,618323,725001,1850774,791561
Bolivia,10,108437926,66523628,65127451,141778,180401,164864,205332,252688,217669,190711,372218,226544,453457,332208,275261,181833,259472,167807,476661,467391,305008,862132,431816,564334,600232,702391,1821479,769519
Bolivia,15,108437926,66049716,64815865,141362,179992,164566,204845,252214,217340,190517,371648,226229,453057,331784,274917,181374,258809,167494,475240,466390,304338,860231,431199,563376,599143,701097,1819751,768587
Bolivia,20,108437926,65490793,64406282,140902,179512,164242,204294,251699,216953,190300,371005,225907,452578,331260,274423,180817,257997,167064,473355,465171,303467,857835,430387,562042,597678,699354,1817490,767341
Bolivia,25,108437926,65040581,63649559,140606,179179,164013,203869,251342,216695,190152,370527,225673,452209,330902,274097,180406,257403,166752,472152,464303,302847,856544,429796,561213,596616,698076,1815840,766387
Bolivia,30,108437926,64556285,62746658,140210,178694,163718,203307,250866,216346,189943,369894,225346,451722,330358,273562,179794,256528,166251,470310,462949,301918,853556,428903,559589,594998,696297,1813613,765219
Bolivia,50,108437926,57513240,56648778,133306,169895,158648,190371,238244,206687,184548,348125,212966,436531,316931,260878,164482,240393,152085,438767,433771,279275,795189,407224,526131,560229,668183,1781089,745043
Bolivia,75,108437926,47856733,49170887,115258,146474,142486,160354,207750,177304,164260,272761,166361,371317,256497,227464,122472,190233,107461,312914,341624,199023,502364,344638,382161,462164,583990,1659686,692106
"Bonaire, Sint Eustatius and Saba",0,32366,32366,32366,4,2,17,1,1,7,1,2,1,2,9,4,11,10,0,0,1,0,2,10,0,0,4,4,3
"Bonaire, Sint Eustatius and Saba",10,32366,3191,4745,3,2,16,0,1,7,1,1,1,2,9,3,5,2,0,0,0,0,2,10,0,0,0,0,0
"Bonaire, Sint Eustatius and Saba",15,32366,2996,4579,3,2,16,0,1,7,1,1,1,2,9,3,5,2,0,0,0,0,2,10,0,0,0,0,0
"Bonaire, Sint Eustatius and Saba",20,32366,2739,4382,3,2,16,0,1,7,1,1,1,2,9,3,5,2,0,0,0,0,2,10,0,0,0,0,0
"Bonaire, Sint Eustatius and Saba",25,32366,2597,4016,3,2,16,0,1,7,1,1,1,2,9,3,4,2,0,0,0,0,2,10,0,0,0,0,0
"Bonaire, Sint Eustatius and Saba",30,32366,2432,3737,3,2,16,0,1,7,1,1,1,2,9,3,4,2,0,0,0,0,2,10,0,0,0,0,0
"Bonaire, Sint Eustatius and Saba",50,32366,1759,2052,3,2,16,0,1,7,1,1,1,2,9,3,3,1,0,0,0,0,2,10,0,0,0,0,0
"Bonaire, Sint Eustatius and Saba",75,32366,1269,1250,2,1,15,0,1,6,1,0,1,2,8,3,2,1,0,0,0,0,1,8,0,0,0,0,0
Bosnia and Herzegovina,0,5106884,5106884,5106884,1540,802,383,4538,625,624,3503,1894,1418,994,1049,3083,3010,1917,751,2614,1687,3004,1323,2020,1173,2384,4769,2649,4387
Bosnia and Herzegovina,10,5106884,2899803,2767165,1515,739,326,4249,588,559,2949,1655,1333,929,1000,2666,2766,1824,624,2449,1478,2846,1262,1902,1074,2187,4169,2374,3974
Bosnia and Herzegovina,15,5106884,2814446,2691401,1506,723,318,4192,580,549,2821,1603,1318,920,988,2571,2690,1814,609,2410,1444,2797,1252,1885,1060,2152,4092,2332,3913
Bosnia and Herzegovina,20,5106884,2777233,2664252,1503,717,315,4169,578,546,2789,1589,1311,917,983,2544,2665,1809,603,2390,1425,2768,1248,1875,1054,2134,4057,2307,3890
Bosnia and Herzegovina,25,5106884,2730526,2623098,1500,700,310,4135,576,540,2712,1564,1301,914,977,2503,2635,1802,596,2359,1394,2731,1242,1863,1044,2107,4019,2278,3852
Bosnia and Herzegovina,30,5106884,2657980,2579846,1496,693,308,4122,574,536,2682,1552,1296,911,971,2434,2574,1790,581,2308,1339,2673,1232,1842,1019,2054,3947,2225,3791
Bosnia and Herzegovina,50,5106884,2477207,2353160,1418,622,281,3875,549,502,2293,1406,1221,873,915,2178,2396,1729,552,2213,1206,2503,1180,1735,942,1879,3668,2091,3543
Bosnia and Herzegovina,75,5106884,2054728,1684043,1098,504,223,3112,461,419,1373,1003,954,727,734,1656,1917,1512,456,1917,977,2136,990,1442,772,1491,3038,1761,2864
Botswana,0,57788403,57788403,57788403,1124,289,207,634,819,369,637,369,523,215,269,482,2188,848,41,98,324,82,89,143,186,92,65,94,92
Botswana,10,57788403,2410466,2647629,1017,262,174,587,753,345,552,322,483,196,239,183,654,250,22,69,225,62,65,99,128,70,49,60,58
Botswana,15,57788403,562898,579960,628,167,115,408,492,252,346,198,343,139,180,116,253,140,6,29,72,22,19,43,37,28,28,25,20
Botswana,20,57788403,102705,29506,268,64,34,132,137,85,91,54,105,64,54,42,58,48,1,3,6,5,1,9,5,4,5,4,4
Botswana,25,57788403,54070,16063,234,55,25,109,115,72,74,45,85,56,47,35,32,29,0,1,4,5,0,6,4,3,3,3,3
Botswana,30,57788403,20328,4581,131,23,9,51,49,40,34,26,41,30,21,16,14,16,0,1,1,3,0,2,1,2,2,1,1
Botswana,50,57788403,1278,228,29,1,1,2,1,3,4,3,1,1,0,1,0,1,0,0,0,0,0,0,0,0,0,0,0
Botswana,75,57788403,22,3,2,0,0,0,0,0,0,0,0,0,0,0,0,0,0,0,0,0,0,0,0,0,0,0,0
Brazil,0,850907198,850907198,850907198,2933201,3715945,3489259,4133607,3675952,3094810,2845584,2674825,2010910,2947367,2148316,3394295,2552118,3526762,2925680,6407238,5559047,3785527,3475768,4133235,3902721,4275317,4101571,5379617,3769473
Brazil,10,850907198,548311111,522889417,2807288,3570827,3316862,3926589,3539086,2934674,2680826,2500356,1859985,2753035,1969875,3023441,2047493,2844791,2343839,5564326,4689031,3080682,2819693,3432506,3140510,3474819,3015745,4543212,3008500
Brazil,15,850907198,541360375,517622111,2794125,3556839,3300848,3907914,3527071,2921338,2667104,2487052,1849798,2738068,1959973,3002195,2026949,2813714,2319719,5526473,4652090,3053004,2793763,3403336,3109910,3441057,2974383,4511676,2979908
Brazil,20,850907198,532270848,512569846,2775101,3537912,3280838,3886287,3512112,2904324,2650263,2471561,1838318,2720231,1947404,2973553,1998242,2771484,2285990,5473802,4604179,3014380,2758774,3363186,3066760,3392872,2912187,4466961,2938194
Brazil,25,850907198,526491274,506370240,2761541,3524251,3266865,3870985,3500512,2891066,2637162,2458863,1829770,2705413,1937405,2949870,1977733,2740218,2261163,5435003,4570358,2988110,2733723,3334168,3035923,3359242,2869593,4436572,2909949
Brazil,30,850907198,519056656,498076032,2746285,3506873,3248392,3848492,3486213,2876675,2621699,2444093,1817715,2688727,1923161,2918560,1945478,2692910,2222654,5378610,4519546,2948393,2696542,3290645,2990029,3308334,2805355,4391694,2868122
Brazil,50,850907198,475559754,453165878,2511699,3258965,2971836,3554698,3271488,2644810,2370488,2211789,1608295,2411780,1720031,2579851,1712448,2368466,1955073,4980431,4188704,2688413,2466055,3025888,2711202,2997128,2447521,4131618,2626860
Brazil,75,850907198,429108384,410279135,2094798,2819280,2533253,3103546,2894747,2310164,1984499,1902114,1348191,2036570,1453727,2108991,1408830,1922159,1591386,4397759,3632673,2308041,2129479,2603663,2323561,2571703,1997766,3743410,2308713
British Virgin Islands,0,16932,16932,16932,4,3,2,3,4,3,6,7,5,4,15,1,3,1,0,3,238,6,1,0,5,2,2,1,2
British Virgin Islands,10,16932,8485,7748,4,3,2,3,4,3,6,7,5,4,15,1,3,1,0,3,231,6,1,0,4,2,2,0,1
British Virgin Islands,15,16932,8164,7687,4,3,2,3,4,3,6,7,5,4,15,1,3,1,0,3,230,6,1,0,4,2,2,0,1
British Virgin Islands,20,16932,7963,7521,4,3,2,3,4,3,6,7,5,4,15,1,3,1,0,3,230,6,1,0,4,2,2,0,1
British Virgin Islands,25,16932,7738,7389,4,3,2,3,4,3,6,7,5,4,15,1,3,1,0,3,229,6,1,0,4,2,2,0,1
British Virgin Islands,30,16932,7464,7182,4,3,2,3,4,3,6,7,5,4,15,1,3,1,0,3,229,6,1,0,4,2,2,0,1
British Virgin Islands,50,16932,6856,6447,4,3,2,3,4,2,6,7,5,4,15,1,2,0,0,3,228,6,1,0,4,2,2,0,1
British Virgin Islands,75,16932,5853,5252,3,3,2,2,3,2,5,6,5,4,13,1,2,0,0,3,208,5,1,0,4,2,2,0,1
Brunei,0,577740,577740,577740,1266,1101,805,1207,1290,1023,1585,1313,2180,977,2640,1884,956,2445,2023,3006,1058,922,1411,1361,1074,1047,1087,1303,988
Brunei,10,577740,533975,533168,1250,1092,801,1199,1281,1017,1572,1304,2173,969,2624,1845,898,2266,1807,2643,966,828,1212,1198,973,939,938,1091,877
Brunei,15,577740,532314,531218,1248,1091,800,1199,1280,1016,1569,1302,2172,968,2623,1843,896,2253,1792,2620,959,822,1199,1189,964,932,929,1074,869
Brunei,20,577740,531380,530794,1246,1090,800,1198,1279,1015,1568,1301,2171,968,2622,1840,893,2245,1784,2604,954,817,1190,1181,961,929,925,1065,865
Brunei,25,577740,530674,529946,1245,1089,799,1198,1279,1014,1566,1300,2170,968,2622,1839,891,2238,1778,2595,951,815,1183,1176,959,926,922,1057,862
Brunei,30,577740,529332,528762,1244,1089,799,1197,1278,1013,1565,1300,2169,967,2620,1837,888,2225,1761,2573,945,807,1168,1166,953,920,915,1042,852
Brunei,50,577740,523729,522176,1229,1080,791,1189,1270,1003,1546,1291,2160,961,2609,1823,875,2166,1688,2475,919,783,1120,1121,936,901,890,988,818
Brunei,75,577740,507839,507966,1145,1025,749,1143,1201,957,1457,1238,2086,925,2553,1765,830,1978,1378,2080,839,709,939,966,875,841,821,797,652
Bulgaria,0,11158731,11158731,11158731,8329,4726,5306,8378,6698,5395,9814,6664,6254,3631,3454,10276,4009,7275,7852,8322,9101,10713,4799,5555,7714,4868,7719,7144,12003
Bulgaria,10,11158731,4461218,4253794,8268,4675,5237,8232,6599,5225,9637,6517,6143,3585,3365,10075,3781,6807,7404,7566,8055,10050,4236,4953,6856,4231,5930,5703,9739
Bulgaria,15,11158731,4376914,4122707,8240,4662,5220,8203,6586,5206,9608,6483,6125,3578,3348,10051,3759,6781,7375,7521,7984,9984,4205,4920,6812,4199,5863,5622,9576
Bulgaria,20,11158731,4323227,4089348,8232,4656,5214,8191,6580,5196,9591,6470,6115,3575,3341,10033,3747,6758,7356,7490,7920,9933,4185,4890,6780,4175,5810,5566,9474
Bulgaria,25,11158731,4247845,4023579,8215,4645,5206,8179,6573,5184,9571,6456,6107,3572,3335,10014,3728,6735,7331,7454,7824,9853,4160,4855,6743,4143,5750,5493,9335
Bulgaria,30,11158731,4138950,3957413,8202,4639,5199,8170,6567,5171,9557,6448,6100,3569,3332,9978,3693,6688,7293,7395,7688,9754,4125,4795,6684,4093,5653,5367,9103
Bulgaria,50,11158731,3858692,3539263,7848,4458,5068,7980,6462,5037,9306,6264,6006,3528,3259,9769,3566,6487,7064,7102,7210,9342,3950,4549,6436,3850,5322,4978,8410
Bulgaria,75,11158731,3198280,2454201,6579,3862,4516,7256,5973,4548,8322,5532,5562,3342,3019,9067,2989,5532,5986,6009,5817,7845,3280,3671,5446,2946,4138,3819,6475
Burkina Faso,0,27294665,27294665,27294665,16251,12800,993,17475,26358,12010,14545,31562,9287,43545,10198,4830,7587,7754,2990,2507,5632,3987,3839,4310,4335,4156,5362,7887,6902
Burkina Faso,10,27294665,3207458,2751233,15527,12038,936,16518,25065,11279,13923,29742,8759,42403,9234,4440,5222,6002,2488,2270,4997,3608,3407,3856,3822,3427,3696,5550,4984
Burkina Faso,15,27294665,314338,480656,1758,585,181,998,1585,763,1246,1770,859,6262,1278,468,1328,1725,806,927,2039,1346,1281,1642,1549,1103,1102,1425,1290
Burkina Faso,20,27294665,3720,14113,358,44,6,52,119,30,47,58,56,203,135,19,27,31,24,34,62,56,40,69,48,51,28,17,21
Burkina Faso,25,27294665,1111,10516,186,26,4,27,63,16,21,27,27,74,64,7,8,9,7,8,15,14,8,16,11,18,9,3,5
Burkina Faso,30,27294665,130,2268,59,4,2,9,16,5,3,5,5,7,15,0,0,0,0,0,0,0,0,0,0,0,0,0,0
Burkina Faso,50,27294665,6,72,1,0,1,1,2,1,0,0,0,0,1,0,0,0,0,0,0,0,0,0,0,0,0,0,0
Burkina Faso,75,27294665,0,0,0,0,0,0,0,0,0,0,0,0,0,0,0,0,0,0,0,0,0,0,0,0,0,0,0
Burundi,0,2693527,2693527,2693527,1717,1452,1734,883,1574,560,2855,3353,1489,2506,1247,1331,2786,3705,2801,3286,4410,6474,4798,4757,5857,3921,4724,5338,6876
Burundi,10,2693527,2278691,2288267,1716,1446,1726,878,1566,558,2841,3333,1481,2500,1243,1320,2721,3637,2721,3192,4230,6309,4720,4611,5649,3801,4511,5139,6625
Burundi,15,2693527,1979295,1768263,1699,1412,1686,861,1506,543,2771,3206,1426,2454,1223,1291,2634,3515,2601,3024,3921,5958,4502,4276,5173,3528,4156,4729,6136
Burundi,20,2693527,921305,909939,1575,1192,1495,739,1224,431,2289,2517,1122,2186,1102,1060,1965,2700,1913,2148,2514,4099,3200,2666,3227,2239,2700,3045,3838
Burundi,25,2693527,835861,855991,1548,1147,1458,714,1171,413,2200,2405,1073,2127,1072,1025,1860,2593,1832,2053,2380,3899,3069,2536,3072,2130,2564,2885,3613
Burundi,30,2693527,537671,553128,1417,987,1325,614,985,343,1862,1999,883,1905,961,871,1406,2047,1458,1576,1775,2875,2386,1857,2272,1610,1952,2143,2656
Burundi,50,2693527,140708,142432,886,493,825,303,478,167,964,943,415,1164,561,381,375,805,501,553,568,806,749,556,770,514,664,687,832
Burundi,75,2693527,21997,6709,144,54,153,46,72,24,136,103,70,157,92,42,31,45,27,43,38,71,57,38,39,37,35,48,69
CaboVerde,0,818196,818196,818196,61,153,36,45,49,49,93,7,110,29,113,261,229,301,0,0,0,91,12,38,1,0,0,0,0
CaboVerde,10,818196,21647,25350,19,55,23,2,17,23,3,2,44,9,43,33,34,10,0,0,0,22,0,7,0,0,0,0,0
CaboVerde,15,818196,18819,21567,18,52,22,1,15,18,2,2,33,6,40,27,28,9,0,0,0,22,0,7,0,0,0,0,0
CaboVerde,20,818196,16018,16478,16,48,19,1,12,14,1,1,20,3,34,20,20,9,0,0,0,22,0,7,0,0,0,0,0
CaboVerde,25,818196,15734,14172,16,48,19,1,12,13,1,1,19,3,34,19,20,8,0,0,0,22,0,7,0,0,0,0,0
CaboVerde,30,818196,14712,13533,14,46,18,1,11,12,1,0,16,2,33,18,20,8,0,0,0,22,0,7,0,0,0,0,0
CaboVerde,50,818196,7488,9529,14,45,16,1,9,10,1,0,14,1,29,14,14,5,0,0,0,16,0,4,0,0,0,0,0
CaboVerde,75,818196,4865,7136,12,40,14,1,6,6,0,0,9,0,25,10,11,4,0,0,0,7,0,3,0,0,0,0,0
Cambodia,0,18169724,18169724,18169724,30362,61692,61426,83000,67002,83843,81748,86993,128776,247490,202694,220573,239225,205966,173660,218010,153664,150801,197382,191937,186728,139391,184227,143966,96470
Cambodia,10,18169724,10217701,8810268,29452,57997,58792,80959,65742,81926,79428,84776,123852,242331,196734,206729,208649,179601,149285,196652,131623,129338,165926,163237,161242,117218,144850,110505,71122
Cambodia,15,18169724,9670438,8261502,29205,57036,58172,80473,65456,81482,78916,84388,122888,241009,195247,202901,201640,173269,143237,192171,127164,123870,158021,156304,155507,112629,135944,104200,66598
Cambodia,20,18169724,9462606,8141321,29015,56413,57745,80132,65232,81199,78521,84094,122366,240257,194514,201345,199127,170892,140878,190019,125029,121563,154707,153499,153031,110638,132652,101777,64862
Cambodia,25,18169724,9179251,7939369,28749,55664,57290,79743,64981,80883,78110,83800,121695,239149,193521,198557,194750,166955,137222,187160,122355,118142,149864,149228,149392,107870,127712,98340,62434
Cambodia,30,18169724,8828152,7659367,28491,54916,56855,79295,64684,80560,77702,83510,121050,237975,192185,195569,190116,161842,132857,182886,118468,113205,143345,143529,144263,103880,120846,93478,59084
Cambodia,50,18169724,7499388,6487273,25713,46946,51073,73537,60809,76457,72946,80261,114055,223742,184207,181191,173402,140697,116060,161493,100600,92126,118681,120819,121991,86598,94642,74376,46598
Cambodia,75,18169724,5857280,5128590,17895,23818,28898,49166,44173,61227,56942,67930,89782,171041,163729,155415,150935,115024,93785,127624,76123,66844,88133,90806,92456,64913,69142,54125,33778
Cameroon,0,46604030,46604030,46604030,42124,32850,26489,25089,27485,45837,57902,45048,40817,72090,31939,57641,99165,195673,83896,120637,195659,128115,129000,211148,176020,157552,216352,193716,222656
Cameroon,10,46604030,41716433,41615610,42080,32782,26471,25055,27443,45697,57822,45003,40731,71934,31833,57396,98441,195288,83742,120535,195469,128022,128841,211007,175874,157425,214680,192476,221354
Cameroon,15,46604030,39994155,39673184,41655,31936,26324,24768,27073,44021,56085,43991,39740,69891,30814,56485,96079,194235,83263,120401,195104,127739,128526,210745,175566,157017,214215,191559,220372
Cameroon,20,46604030,35158668,34272282,40328,30104,25859,23822,25921,38307,50000,39066,37445,61503,28728,53306,88770,188165,81429,118945,192299,125026,126031,207593,172740,153072,209850,186003,214080
Cameroon,25,46604030,34255054,33264644,40105,29805,25748,23639,25747,37690,48946,38140,37089,60588,28468,52798,87599,186670,80922,118463,191333,124156,125213,206602,171907,151896,208621,184515,212421
Cameroon,30,46604030,31459321,30543463,39204,28767,25345,23003,25159,35986,45917,35141,36072,57992,27652,51268,84612,181851,78970,116619,187282,120814,121800,202796,168797,147810,204198,179152,206263
Cameroon,50,46604030,25260666,24763252,34078,24965,22752,19882,22356,30865,38306,28688,32964,51759,24547,45406,74193,161615,71595,106407,166374,107420,107326,186638,153451,131397,184188,157795,181637
Cameroon,75,46604030,17481724,15945257,19010,13007,12958,11101,12460,15769,21871,17370,21727,24032,13315,24035,37674,83361,37329,55877,74806,56268,49222,103869,78225,71667,90634,91908,90211
Canada,0,983422553,983422553,983422553,1436269,2425233,1657861,2798242,3021528,2513416,2210075,2040530,1615788,2188791,2251206,2703613,3142773,2922057,2898415,2214501,2860725,2275739,2276551,1268204,2685435,2503769,10176019,5982014,6785882
Canada,10,983422553,469567949,472061716,1418959,2405313,1647684,2782007,3001911,2494425,2191578,2022398,1602830,2176231,2236253,2663522,3032146,2834960,2840507,2166047,2732620,2211238,2222946,1225485,2613068,2417807,9480895,5631970,6509119
Canada,15,983422553,448824043,448801195,1406848,2391485,1641373,2771780,2988323,2482802,2180271,2011174,1593987,2165620,2223810,2639264,2964106,2779873,2813074,2145188,2675680,2190523,2208002,1214100,2588387,2379099,9154542,5470328,6415898
Canada,20,983422553,437098634,435685854,1389078,2369142,1631121,2753040,2969468,2464089,2163187,1994049,1582565,2151209,2208411,2612599,2914469,2737032,2785534,2121950,2633061,2172780,2196417,1207357,2566411,2350229,8946576,5362581,6345638
Canada,25,983422553,431009785,431163913,1374751,2350253,1623181,2738279,2956108,2449097,2150720,1980920,1573207,2138543,2196376,2593904,2886681,2714079,2768849,2110247,2611768,2163588,2189877,1203801,2553619,2335699,8837164,5305106,6308016
Canada,30,983422553,418066875,421403089,1358154,2316887,1607283,2706459,2920790,2406190,2117899,1949008,1550371,2104877,2160701,2545494,2807336,2643609,2733435,2084426,2559737,2142937,2175716,1195271,2524985,2299845,8570166,5165897,6225187
Canada,50,983422553,324180879,312998371,1190286,2025867,1409331,2311650,2513874,2021290,1794699,1572220,1289934,1636329,1709385,2060338,2099932,1688961,2175580,1783740,1848975,1850379,1946116,1089478,2080577,1813746,6156649,3655982,5023181
Canada,75,983422553,216719219,208867526,902557,1456272,1088911,1741551,1897010,1603398,1498510,1234938,1062382,1326934,1363337,1639456,1391791,1169252,1508989,1421209,1383581,1487062,1530069,929200,1544010,1400761,3622336,2309204,3371287
CaymanIslands,0,28040,28040,28040,22,6,7,51,11,21,19,38,38,43,45,12,22,13,1,92,107,52,23,18,20,47,63,65,104
CaymanIslands,10,28040,14729,15202,21,6,7,48,10,19,18,34,32,40,42,10,19,9,0,77,80,46,13,10,12,33,29,40,79
CaymanIslands,15,28040,14285,15107,21,6,6,48,10,19,18,34,32,40,41,10,19,9,0,75,79,45,12,9,11,30,28,39,78
CaymanIslands,20,28040,13929,14861,21,6,6,47,10,18,18,33,31,40,41,9,18,8,0,74,77,44,11,9,11,28,27,38,76
CaymanIslands,25,28040,13686,14674,21,6,6,47,9,18,18,33,30,40,40,9,18,8,0,74,76,43,11,9,10,27,26,37,75
CaymanIslands,30,28040,13458,14365,21,6,6,47,9,18,18,32,30,40,40,9,18,8,0,70,74,42,11,9,10,26,25,36,75
CaymanIslands,50,28040,12395,12646,17,5,5,44,8,14,15,27,23,34,34,8,17,6,0,64,62,40,10,6,9,24,21,33,71
CaymanIslands,75,28040,9995,9648,11,3,2,37,6,8,9,17,12,26,18,6,14,5,0,38,39,28,8,4,8,17,16,28,61
Central African Republic,0,62019966,62019966,62019966,33034,37306,14385,16168,31296,64686,41693,36159,51777,51207,51618,61286,54910,70710,34302,55630,76703,53456,64439,65939,77878,65150,76564,89695,100541
Central African Republic,10,62019966,59985703,59739907,33014,37269,14378,16152,31279,64659,41622,36135,51725,51182,51546,61205,54317,69850,34160,55561,76542,53235,64253,65826,77761,64964,70116,83658,95010
Central African Republic,15,62019966,57547610,57371327,32720,36815,14300,15638,30766,64235,40437,35806,50815,50844,50955,60675,53533,68785,33805,55278,75586,52422,63258,65044,76988,63964,67912,81166,92689
Central African Republic,20,62019966,52858607,52794561,32152,35866,14052,15036,30133,61550,39156,34121,49640,49837,50309,59232,49615,64026,31163,53552,70303,47277,56690,60504,72539,57999,60986,71710,83889
Central African Republic,25,62019966,51727144,51994558,31966,35558,13972,14919,29948,60757,38735,33630,49328,49473,50098,58844,48606,62867,30435,53120,69080,45978,55085,59452,71459,56547,59645,69462,81912
Central African Republic,30,62019966,47073506,47240770,31283,34418,13727,14589,29317,57883,37308,31860,48253,48554,49140,57314,44183,57852,27316,51152,63910,40913,49027,55137,67181,51030,54534,60752,74125
Central African Republic,50,62019966,30767845,30744244,27144,28554,12308,12967,24406,39351,30492,22509,42231,42414,41872,47160,28556,39744,17526,44214,49107,27505,34702,43068,55473,37631,42066,39478,55059
Central African Republic,75,62019966,6873950,7416628,14451,15611,7450,7781,10593,12058,17432,9929,20762,21340,19010,19689,9473,11570,7080,25307,20036,10777,15799,19951,25115,17354,18013,15440,27392
Chad,0,126995095,126995095,126995095,25043,33905,6936,16425,11503,67372,19290,70588,28188,5313,15202,46521,58718,71802,45501,44013,88388,76235,76267,51719,56672,77050,118480,122081,111072
Chad,10,126995095,12841241,12624350,24496,33064,6615,15705,11121,66426,18399,69242,27713,5158,14706,45062,53473,65100,43141,42623,84282,73212,72464,48851,54507,73731,105105,104756,95901
Chad,15,126995095,4827683,4615260,14277,22683,3780,10489,7450,47035,11488,50389,19432,3572,10438,32068,38237,46370,31925,33576,63855,56069,53894,34895,41226,52801,76107,78623,71103
Chad,20,126995095,1200859,1344150,2835,7189,828,2464,1996,11954,3271,12768,4690,1072,3187,8794,11414,12733,9894,11907,21602,20656,18451,10867,14527,16354,28149,32622,30875
Chad,25,126995095,962424,1130851,2039,5035,600,1571,1407,7926,2605,8527,3209,744,2370,6723,8757,9482,7563,9162,17081,16670,14213,8575,11867,13146,23788,27757,26528
Chad,30,126995095,409750,622313,884,1958,194,457,472,2982,1001,3402,1066,255,920,2491,2895,3001,2591,3166,6765,6932,5059,3433,5095,5445,11067,13092,12533
Chad,50,126995095,7270,33770,85,189,34,20,50,214,49,154,52,15,75,129,13,19,26,17,77,55,34,32,39,38,81,68,99
Chad,75,126995095,54,67,9,18,1,1,1,7,3,2,4,0,0,1,0,0,0,0,0,0,0,0,0,0,0,0,0
Chile,0,75231753,75231753,75231753,73191,78868,83778,86559,109336,93097,122583,124444,89247,92188,101006,180958,124871,150527,138267,156940,332116,119975,128013,118116,131816,128505,169820,87440,71492
Chile,10,75231753,20561178,21689536,72821,78307,83110,85945,107253,92126,121889,123319,88696,91682,99664,175737,105133,123547,110006,118877,228627,81459,84124,75241,77452,73256,114043,51668,42085
Chile,15,75231753,20260940,21498049,72796,78270,83052,85880,107144,92071,121829,123257,88662,91636,99585,175519,104317,122318,108858,117364,224423,80146,82526,73854,75627,71677,112235,50559,41213
Chile,20,75231753,19872628,21218073,72757,78213,82974,85810,107042,92008,121743,123180,88616,91585,99490,175238,103470,121067,107733,115925,220754,78815,80978,72578,74105,70223,110331,49437,40267
Chile,25,75231753,19512223,21011338,72739,78186,82940,85776,106997,91977,121701,123139,88590,91543,99392,174982,102950,120238,107019,114948,217490,77982,79956,71590,72909,69014,108639,48496,39440
Chile,30,75231753,19214324,20705332,72711,78143,82879,85727,106916,91928,121642,123085,88559,91495,99323,174788,102243,119330,106109,113779,214809,76893,78734,70568,71610,67887,107337,47655,38790
Chile,50,75231753,17747653,18831090,72363,77599,82137,84958,105557,91063,120421,121992,87801,90648,97320,171416,96126,110296,97721,103124,188407,67675,68242,61591,60902,58715,95568,40841,33653
Chile,75,75231753,14174616,16603954,71404,76236,80540,82929,102368,88048,115603,117466,85018,87779,90345,159388,86870,97330,86163,89547,152008,56428,54285,48861,46054,44886,76141,29759,25371
China,0,935030050,935030050,935030050,239841,259319,273012,523241,398426,601969,680603,761682,628339,656707,638555,692949,646748,762270,706639,1097929,1053261,950231,904154,782306,988047,1070079,1183159,1319585,1247475
China,0,457698,457698,457698,0,0,0,0,0,0,0,0,0,0,0,0,0,0,0,0,0,0,0,0,0,0,0,0,0
China,0,3094760,3094760,3094760,0,0,0,0,0,0,0,0,0,0,0,0,0,0,0,0,0,0,0,0,0,0,0,0,0
China,0,141830,141830,141830,0,0,0,0,0,0,0,0,0,0,0,0,0,0,0,0,0,0,0,0,0,0,0,0,0
China,10,935030050,189163209,183336678,234178,253569,267146,511403,389766,587951,664409,747466,611132,639454,611685,627663,485133,583313,541380,807724,742979,660420,580910,496137,627409,712987,710607,787344,760427
China,10,457698,2,1,0,0,0,0,0,0,0,0,0,0,0,0,0,0,0,0,0,0,0,0,0,0,0,0,0
China,10,3094760,8,7,0,0,0,0,0,0,0,0,0,0,0,0,0,0,0,0,0,0,0,0,0,0,0,0,0
China,10,141830,0,0,0,0,0,0,0,0,0,0,0,0,0,0,0,0,0,0,0,0,0,0,0,0,0,0,0
China,15,935030050,179585226,170905907,232736,252046,265234,507996,387677,583505,660595,744352,607333,635412,607310,620255,471596,568143,526400,780923,712650,632478,554191,472679,598607,681042,676129,751422,726443
China,15,457698,0,0,0,0,0,0,0,0,0,0,0,0,0,0,0,0,0,0,0,0,0,0,0,0,0,0,0
China,15,3094760,8,7,0,0,0,0,0,0,0,0,0,0,0,0,0,0,0,0,0,0,0,0,0,0,0,0,0
China,15,141830,0,0,0,0,0,0,0,0,0,0,0,0,0,0,0,0,0,0,0,0,0,0,0,0,0,0,0
China,20,935030050,175688622,168059312,231968,251259,264396,506503,386532,581392,658415,742513,605087,633190,604869,616353,463986,558637,517314,764935,695573,616715,539556,459890,582974,664023,658434,732726,708284
China,20,457698,0,0,0,0,0,0,0,0,0,0,0,0,0,0,0,0,0,0,0,0,0,0,0,0,0,0,0
China,20,3094760,7,6,0,0,0,0,0,0,0,0,0,0,0,0,0,0,0,0,0,0,0,0,0,0,0,0,0
China,20,141830,0,0,0,0,0,0,0,0,0,0,0,0,0,0,0,0,0,0,0,0,0,0,0,0,0,0,0
China,25,935030050,170302766,161880342,231008,250105,262942,503774,384827,577941,655218,739902,601895,630058,601434,610984,454300,547341,506336,745982,674782,597701,522221,444611,564373,643177,635662,709260,683995
China,25,457698,0,0,0,0,0,0,0,0,0,0,0,0,0,0,0,0,0,0,0,0,0,0,0,0,0,0,0
China,25,3094760,7,1,0,0,0,0,0,0,0,0,0,0,0,0,0,0,0,0,0,0,0,0,0,0,0,0,0
China,25,141830,0,0,0,0,0,0,0,0,0,0,0,0,0,0,0,0,0,0,0,0,0,0,0,0,0,0,0
China,30,935030050,162873594,154567475,230308,249184,261776,501582,383608,575282,653050,738092,599710,627855,598620,605034,441336,531702,490493,718775,644431,569767,497027,422361,536772,612009,602762,675198,650785
China,30,457698,0,0,0,0,0,0,0,0,0,0,0,0,0,0,0,0,0,0,0,0,0,0,0,0,0,0,0
China,30,3094760,7,1,0,0,0,0,0,0,0,0,0,0,0,0,0,0,0,0,0,0,0,0,0,0,0,0,0
China,30,141830,0,0,0,0,0,0,0,0,0,0,0,0,0,0,0,0,0,0,0,0,0,0,0,0,0,0,0
China,50,935030050,131480613,110239105,216694,231162,240832,461669,359092,525850,614047,702119,561735,589952,562990,555395,377449,449557,411657,589311,511116,445969,384673,325688,418138,479132,464062,530064,508483
China,50,457698,0,0,0,0,0,0,0,0,0,0,0,0,0,0,0,0,0,0,0,0,0,0,0,0,0,0,0
China,50,3094760,6,0,0,0,0,0,0,0,0,0,0,0,0,0,0,0,0,0,0,0,0,0,0,0,0,0,0
China,50,141830,0,0,0,0,0,0,0,0,0,0,0,0,0,0,0,0,0,0,0,0,0,0,0,0,0,0,0
China,75,935030050,61953897,38738749,154135,153463,131429,275546,235747,332136,432378,512148,385092,418681,401473,381916,201737,227825,206595,287467,232122,192901,159314,136860,173271,202769,188341,223025,212691
China,75,457698,0,0,0,0,0,0,0,0,0,0,0,0,0,0,0,0,0,0,0,0,0,0,0,0,0,0,0
China,75,3094760,2,0,0,0,0,0,0,0,0,0,0,0,0,0,0,0,0,0,0,0,0,0,0,0,0,0,0
China,75,141830,0,0,0,0,0,0,0,0,0,0,0,0,0,0,0,0,0,0,0,0,0,0,0,0,0,0,0
Colombia,0,113724054,113724054,113724054,233438,184414,124863,257350,191419,192887,273122,235085,241896,199426,192391,236279,150683,221898,152607,313446,457176,377366,293237,350615,289866,292410,232216,247496,219572
Colombia,10,113724054,84555716,84388336,231571,183207,123478,255465,189851,191150,270786,233079,239375,198026,190726,229644,140881,205812,143415,296229,432947,358252,273952,330234,270336,271298,203313,219611,192070
Colombia,15,113724054,83695032,83709788,231278,183015,123278,255176,189631,190913,270466,232807,239050,197834,190546,229207,140352,204792,142781,294761,430583,356564,272450,328583,268924,269780,201378,217749,190345
Colombia,20,113724054,82977560,83298231,230838,182748,122991,254714,189316,190573,269984,232445,238586,197544,190298,228663,139857,203862,142139,293387,428435,355036,271046,327053,267591,268361,199648,216028,188770
Colombia,25,113724054,82523199,82635961,230447,182544,122726,254367,189059,190294,269603,232154,238230,197329,190107,228220,139436,203124,141663,292440,426958,353955,270060,325946,266645,267362,198488,214890,187734
Colombia,30,113724054,81854357,81791868,229961,182233,122399,253865,188691,189898,269029,231748,237718,196988,189802,227584,138866,202029,140923,290868,424642,352219,268477,324203,265161,265730,196634,213030,186035
Colombia,50,113724054,78367972,76926678,223676,178718,118321,248275,184416,185136,262619,226950,231643,193495,186543,221878,135423,195803,136958,282892,412260,343421,260288,315479,257885,257840,187484,204047,177687
Colombia,75,113724054,72242367,71515344,202278,166301,103951,227770,169374,169132,241353,209600,211704,182330,175943,204835,127133,181043,126227,260869,378961,321116,240108,294153,240679,239594,167100,185006,160072
Comoros,0,167305,167305,167305,38,41,28,41,89,13,81,36,114,93,134,153,1988,1565,443,136,327,223,295,273,171,170,160,503,127
Comoros,10,167305,158383,157503,38,41,28,41,89,13,80,36,114,93,134,153,1986,1561,443,135,326,221,295,271,169,169,157,502,126
Comoros,15,167305,156704,153397,38,41,28,41,88,13,80,36,114,93,133,152,1981,1559,442,133,326,221,295,271,169,169,157,502,126
Comoros,20,167305,144653,142589,37,41,27,41,88,13,79,35,113,93,126,141,1885,1524,438,128,319,220,289,269,166,167,155,501,125
Comoros,25,167305,140901,137655,37,41,27,41,88,13,79,35,113,92,124,133,1825,1507,436,126,315,219,285,268,166,166,155,500,124
Comoros,30,167305,134784,132154,37,41,27,40,87,13,78,35,112,92,123,127,1730,1474,429,124,308,218,280,266,165,165,154,496,123
Comoros,50,167305,105959,111804,32,39,22,37,77,13,70,31,100,88,102,102,1089,1108,364,109,254,209,255,248,149,152,132,466,109
Comoros,75,167305,69013,79957,16,30,10,23,44,9,43,19,45,54,66,50,370,483,198,60,144,151,178,162,96,107,102,274,63
Costa Rica,0,5117778,5117778,5117778,15750,13595,8389,10051,17095,10227,11677,22407,22784,13383,10746,10725,8764,12685,3603,15168,23468,13888,13284,9201,8908,9653,10425,9601,8981
Costa Rica,10,5117778,4105513,4026902,15601,13421,8336,9882,16770,10133,11553,22116,22586,13274,10589,10487,7989,11318,3373,14165,22427,12727,11905,8493,8105,8840,9365,8575,7845
Costa Rica,15,5117778,4046963,3972137,15578,13398,8324,9863,16727,10118,11536,22075,22555,13257,10573,10466,7932,11209,3356,14065,22313,12595,11767,8418,8025,8750,9269,8487,7738
Costa Rica,20,5117778,3994178,3953097,15544,13366,8309,9834,16667,10099,11515,22017,22515,13235,10551,10439,7867,11085,3335,13966,22202,12494,11648,8350,7957,8679,9182,8408,7651
Costa Rica,25,5117778,3960125,3918977,15520,13340,8298,9806,16613,10081,11494,21969,22483,13214,10533,10420,7835,11012,3320,13920,22135,12426,11584,8309,7911,8634,9129,8365,7592
Costa Rica,30,5117778,3913126,3869857,15483,13300,8279,9766,16535,10058,11464,21891,22427,13178,10504,10388,7789,10910,3302,13843,22051,12334,11489,8249,7851,8563,9050,8299,7512
Costa Rica,50,5117778,3684624,3545185,14853,12699,8075,9167,15525,9733,11084,20933,21756,12833,10166,10088,7501,10379,3171,13430,21571,11860,10955,7911,7504,8193,8622,7935,7101
Costa Rica,75,5117778,3118327,3100870,12768,10764,7331,7647,12764,8607,9789,17951,19448,11597,9096,9005,6429,8802,2638,11941,19838,10238,9414,6863,6362,7005,7360,6781,6026
Croatia,0,5707838,5707838,5707838,3696,2625,2186,7851,3011,2587,3892,4504,3442,3774,3394,5552,3372,4808,3519,6175,7276,9248,6411,6534,5666,8832,11923,9799,7983
Croatia,10,5707838,2691390,2546029,3548,2496,1912,7177,2821,2303,3421,4095,3052,3573,3078,5182,3132,4651,2883,5623,6394,8664,6143,6215,5406,8146,10941,7997,7435
Croatia,15,5707838,2613396,2455038,3477,2428,1815,6907,2781,2252,3325,3996,2972,3542,2984,5115,3095,4629,2842,5563,6251,8559,6100,6171,5374,8063,10810,7839,7373
Croatia,20,5707838,2570368,2433421,3435,2377,1774,6806,2766,2234,3295,3948,2939,3526,2950,5083,3075,4616,2799,5519,6162,8496,6079,6147,5353,8007,10737,7763,7338
Croatia,25,5707838,2517741,2390789,3402,2352,1750,6751,2757,2213,3258,3909,2915,3507,2933,5054,3048,4596,2759,5469,6058,8424,6046,6116,5327,7947,10658,7689,7303
Croatia,30,5707838,2431303,2348216,3378,2340,1739,6727,2747,2204,3237,3891,2902,3499,2919,5004,2998,4559,2669,5373,5847,8285,5978,6052,5264,7826,10503,7515,7227
Croatia,50,5707838,2228567,2110186,3064,2088,1514,5927,2626,2053,2966,3522,2664,3366,2616,4756,2871,4442,2475,5121,5315,7901,5785,5844,5096,7460,9932,6991,6961
Croatia,75,5707838,1888962,1596724,2634,1741,1332,5181,2465,1841,2572,3048,2320,3144,2378,4334,2671,4129,2149,4655,4712,7169,5289,5280,4611,6688,8745,6153,6264
Cuba,0,11073123,11073123,11073123,20677,15813,7244,23799,13394,12810,8269,18139,17132,8946,17513,11217,8990,9960,10897,82106,96178,24093,14270,18330,16659,8852,25250,14133,35318
Cuba,10,11073123,4401511,4578830,19559,15290,6760,22541,13021,12470,8007,17427,16539,8728,16670,10540,6387,6307,7166,74962,80156,16058,8065,13159,10357,5208,19609,10545,29159
Cuba,15,11073123,4277157,4537778,19425,15229,6712,22410,12972,12429,7975,17344,16473,8698,16588,10492,6304,6186,7047,74688,78465,15661,7892,13004,10180,5115,19404,10404,28835
Cuba,20,11073123,4188616,4461416,19204,15157,6652,22271,12927,12386,7939,17243,16402,8668,16500,10439,6228,6081,6950,74471,77537,15360,7746,12872,10016,5037,19190,10285,28535
Cuba,25,11073123,4115594,4369786,19094,15106,6610,22139,12888,12353,7912,17180,16344,8643,16422,10404,6175,6006,6875,74325,77257,15188,7653,12787,9912,4980,19016,10209,28298
Cuba,30,11073123,4014606,4239755,18943,15036,6557,21974,12834,12305,7874,17084,16260,8608,16313,10345,6072,5861,6726,74053,76814,14955,7464,12618,9721,4889,18795,10085,27997
Cuba,50,11073123,3617392,3584999,16883,14150,5941,20006,12126,11633,7407,15907,15171,8131,15120,9839,5611,5248,6090,72894,75012,13876,6661,11830,8848,4487,17566,9472,26089
Cuba,75,11073123,2878342,2551460,12503,12029,4521,14925,10089,9732,6253,13284,12118,6601,11886,8458,4244,3680,4615,69634,65822,11155,4723,9439,6802,3573,14790,8057,22386
Curaçao,0,43777,43777,43777,1,5,2,1,5,10,7,11,14,3,3,11,14,5,2,4,4,2,5,3,7,10,15,19,18
Curaçao,10,43777,7536,6432,1,2,1,1,1,4,5,6,6,2,2,8,8,3,1,3,1,1,3,2,5,6,7,4,10
Curaçao,15,43777,6912,6069,1,2,1,1,1,4,5,6,5,2,2,8,7,3,1,3,1,1,3,2,5,6,6,4,10
Curaçao,20,43777,6320,5806,1,1,1,1,1,4,5,6,5,2,1,8,7,3,1,3,1,1,3,2,5,6,5,3,9
Curaçao,25,43777,5844,4958,1,1,1,1,1,4,5,6,5,2,1,8,7,3,1,3,1,1,3,2,5,6,5,3,8
Curaçao,30,43777,5261,4571,1,1,1,1,1,3,4,5,5,2,1,7,6,2,1,2,1,1,2,2,4,5,4,2,7
Curaçao,50,43777,1940,1094,1,1,1,1,1,1,1,1,2,0,1,7,3,1,1,2,0,0,1,2,3,3,1,0,2
Curaçao,75,43777,501,211,0,1,0,0,0,1,0,1,1,0,1,6,0,0,1,1,0,0,0,0,2,2,0,0,1
Cyprus,0,571973,571973,571973,104,52,46,132,80,98,922,217,146,128,165,142,156,311,62,810,738,83,146,130,1004,228,157,435,5182
Cyprus,10,571973,153580,121017,90,40,33,102,53,75,836,142,85,89,138,80,56,117,40,719,637,42,83,78,846,126,80,278,753
Cyprus,15,571973,132250,106245,84,35,28,91,40,65,801,107,62,73,127,71,44,104,37,708,607,41,75,66,827,118,77,253,558
Cyprus,20,571973,124799,102565,81,33,26,90,37,61,793,99,59,68,122,67,36,88,33,677,572,40,70,59,797,111,74,237,478
Cyprus,25,571973,103113,95256,81,32,26,89,36,60,785,98,58,67,122,62,23,58,27,628,503,36,51,39,707,89,64,193,235
Cyprus,30,571973,89658,91628,79,32,25,88,35,59,778,95,56,64,119,54,14,33,20,569,437,32,43,33,643,73,55,159,137
Cyprus,50,571973,53669,50406,61,19,15,57,20,37,653,51,36,38,85,20,6,14,14,361,259,20,22,17,338,40,31,79,48
Cyprus,75,571973,20061,33269,34,7,6,24,7,16,463,18,15,11,40,9,2,4,6,124,91,7,9,4,66,10,10,23,11
Czechia,0,7883737,7883737,7883737,3518,6894,3993,13616,25736,8701,21516,17033,13645,15571,22004,14223,8023,14568,8315,23622,27368,40088,75187,102701,57511,35823,25321,20428,17034
Czechia,10,7883737,3244563,3431113,3468,6795,3944,13513,25629,8645,21387,16930,13559,15492,21913,14067,7750,14113,8116,22992,26734,39440,73782,100920,56610,35022,24600,19760,16382
Czechia,15,7883737,3184467,3328415,3462,6780,3936,13487,25602,8633,21362,16906,13541,15467,21889,14043,7722,14058,8095,22937,26666,39366,73639,100727,56514,34940,24534,19704,16325
Czechia,20,7883737,3155170,3312231,3458,6774,3932,13476,25584,8626,21346,16891,13527,15453,21873,14029,7708,14031,8083,22907,26631,39319,73541,100605,56462,34891,24500,19674,16291
Czechia,25,7883737,3125499,3271777,3454,6767,3929,13466,25570,8621,21336,16882,13522,15447,21865,14019,7693,14000,8072,22876,26593,39273,73445,100485,56410,34845,24461,19644,16258
Czechia,30,7883737,3080969,3226354,3451,6763,3925,13460,25558,8617,21325,16873,13516,15439,21855,14007,7659,13943,8047,22813,26518,39195,73289,100267,56298,34761,24394,19589,16197
Czechia,50,7883737,2880355,2943611,3374,6613,3840,13207,25242,8501,21022,16600,13319,15201,21580,13797,7435,13512,7850,22335,25944,38507,71956,98492,55423,34124,23909,19171,15769
Czechia,75,7883737,2235322,2196399,2917,5637,3322,11485,21975,7556,18675,14466,11736,13353,19014,12146,5914,10759,6376,18735,21782,33109,61695,85995,49360,30015,20989,16654,13260
Côte d'Ivoire,0,32154318,32154318,32154318,145286,177230,104508,70915,104696,136177,128929,183733,128567,127856,161189,111697,250759,427956,208319,299254,529079,465669,370100,362521,297017,259047,318287,275309,332501
Côte d'Ivoire,10,32154318,30912734,30369975,145187,177062,104472,70810,104553,136010,128822,183477,128519,127588,161069,111591,249651,426993,207560,298396,527306,463537,368067,360487,295035,257633,315447,272726,330092
Côte d'Ivoire,15,32154318,27235537,26865202,141105,170669,102086,65953,97901,125739,122063,168674,124475,115914,151639,108723,241219,420982,202609,292145,513964,447715,352021,346340,280994,245739,292579,252942,311493
Côte d'Ivoire,20,32154318,18901671,19280477,129951,154598,92069,54851,78842,107938,103603,140354,114174,101411,133587,102175,205765,388356,176614,258863,433499,380594,290786,294656,226999,206011,232981,202866,257811
Côte d'Ivoire,25,32154318,17985317,18373926,128205,152227,90794,52989,75468,105363,100824,137238,112867,99006,131336,100966,199505,381163,171890,252105,418368,369349,280768,285639,218036,199351,224352,195228,249213
Côte d'Ivoire,30,32154318,14866947,13945081,122695,144565,86300,48053,65335,97775,90876,127583,108887,92519,124736,96138,175824,346899,152454,221124,357309,324681,242202,248550,183272,172478,190298,165120,213072
Côte d'Ivoire,50,32154318,6356113,5159404,94925,111576,64614,34586,38292,69250,61089,87949,84310,69161,96346,74375,106122,187730,86559,107515,163647,163091,108287,114625,77149,79997,79367,70535,84469
Côte d'Ivoire,75,32154318,510956,320888,17558,20976,8466,6178,2838,9538,8792,9875,10492,12037,16292,12205,3879,12485,5269,6997,5783,10442,4041,5118,1993,2500,1626,1790,2263
Democratic Republic of the Congo,0,232886907,232886907,232886907,464135,525658,284554,409243,499076,463128,478426,414657,655991,842332,438922,649926,953214,1382106,952537,1413261,1500506,1396541,1236549,1335898,1269571,1235787,1355741,1432767,1336800
Democratic Republic of the Congo,10,232886907,227760462,227496316,464117,525605,284498,409167,498939,463055,478302,414567,655677,842217,438825,649703,952342,1380899,951996,1412603,1499622,1395823,1236131,1335280,1268995,1235313,1354834,1431565,1335821
Democratic Republic of the Congo,15,232886907,226161009,225165740,463795,524951,284022,408520,498035,462368,477296,413858,653878,840603,438251,648562,950266,1378059,951065,1410986,1498063,1394682,1235385,1334083,1268006,1234629,1353628,1428911,1333684
Democratic Republic of the Congo,20,232886907,214433208,213829578,460315,520424,280168,405036,492716,458289,471066,410232,645478,827937,434759,641430,937172,1361056,941924,1397497,1485702,1386490,1229585,1324481,1260526,1229437,1342825,1406040,1313380
Democratic Republic of the Congo,25,232886907,211342496,210804224,459457,519266,279137,404069,491275,457272,469508,409229,643431,824731,433747,639564,933905,1356583,939043,1394117,1482353,1384142,1227881,1321793,1258299,1227938,1339655,1400374,1308285
Democratic Republic of the Congo,30,232886907,199272121,198437484,455532,514459,274612,400045,485236,453201,462776,404912,635436,811874,429465,632082,920750,1338361,928502,1381504,1468188,1373827,1220241,1310238,1248060,1220222,1325020,1377807,1287662
Democratic Republic of the Congo,50,232886907,164383577,159424649,434263,481061,245804,375117,450396,430029,425732,374875,589226,748206,399823,574340,863707,1256196,878958,1316030,1380606,1291784,1158833,1229810,1168254,1149288,1229138,1268131,1180003
Democratic Republic of the Congo,75,232886907,119056513,115030472,341462,368868,167704,286378,354227,346218,329679,289120,469130,571096,297690,422076,681857,914394,661489,997448,995743,948107,890102,895043,844700,851720,869887,905980,826636
Denmark,0,4314476,4314476,4314476,4467,1245,1623,2470,9169,5286,4442,6153,6726,4490,3160,4579,2264,5839,2971,5347,5279,3748,10781,4000,5803,4311,5322,5060,4947
Denmark,10,4314476,762418,883103,4395,1221,1598,2436,9089,5238,4406,6088,6684,4449,3141,4486,2053,5417,2648,4779,4506,3294,9483,3332,4977,3522,4176,3806,3895
Denmark,15,4314476,718499,797253,4366,1212,1588,2425,9071,5228,4395,6077,6668,4440,3138,4473,2042,5389,2629,4741,4458,3254,9388,3287,4921,3473,4114,3755,3835
Denmark,20,4314476,703292,790166,4350,1208,1585,2420,9061,5222,4389,6070,6659,4435,3136,4464,2035,5375,2618,4722,4434,3233,9338,3265,4892,3448,4084,3727,3802
Denmark,25,4314476,689183,752919,4339,1207,1582,2417,9056,5217,4385,6065,6653,4431,3134,4459,2028,5359,2607,4699,4409,3209,9279,3237,4856,3422,4048,3698,3764
Denmark,30,4314476,663205,720290,4329,1204,1580,2414,9049,5214,4381,6061,6646,4428,3132,4452,2015,5321,2583,4656,4360,3162,9180,3194,4795,3366,3978,3645,3702
Denmark,50,4314476,561144,543971,4076,1138,1490,2321,8900,5107,4279,5942,6498,4360,3102,4360,1930,5102,2437,4391,4060,2929,8516,2935,4461,3106,3624,3366,3382
Denmark,75,4314476,310526,259706,3334,907,1137,1851,7831,4441,3680,5234,5648,3881,2874,3838,1344,3626,1648,2979,2690,1912,5405,1843,2903,2005,2271,2133,2115
Djibouti,0,2237202,2237202,2237202,0,0,0,0,0,0,1,0,0,0,0,0,0,0,0,0,0,0,0,0,0,0,0,0,0
Djibouti,10,2237202,13,24,0,0,0,0,0,0,0,0,0,0,0,0,0,0,0,0,0,0,0,0,0,0,0,0,0
Djibouti,15,2237202,2,8,0,0,0,0,0,0,0,0,0,0,0,0,0,0,0,0,0,0,0,0,0,0,0,0,0
Djibouti,20,2237202,0,0,0,0,0,0,0,0,0,0,0,0,0,0,0,0,0,0,0,0,0,0,0,0,0,0,0
Djibouti,25,2237202,0,0,0,0,0,0,0,0,0,0,0,0,0,0,0,0,0,0,0,0,0,0,0,0,0,0,0
Djibouti,30,2237202,0,0,0,0,0,0,0,0,0,0,0,0,0,0,0,0,0,0,0,0,0,0,0,0,0,0,0
Djibouti,50,2237202,0,0,0,0,0,0,0,0,0,0,0,0,0,0,0,0,0,0,0,0,0,0,0,0,0,0,0
Djibouti,75,2237202,0,0,0,0,0,0,0,0,0,0,0,0,0,0,0,0,0,0,0,0,0,0,0,0,0,0,0
Dominica,0,75428,75428,75428,23,12,28,80,53,26,41,95,74,92,45,146,22,13,2,7,23321,782,60,67,30,32,147,47,28
Dominica,10,75428,71866,71092,23,12,27,79,52,25,40,94,74,92,45,145,22,12,2,7,23302,780,59,66,30,32,146,46,27
Dominica,15,75428,71487,71023,23,12,27,79,52,25,40,94,74,92,45,145,22,12,2,7,23297,780,59,66,30,32,145,46,27
Dominica,20,75428,71257,70939,23,12,27,79,52,25,40,93,74,92,45,145,22,12,2,7,23294,779,59,66,30,32,145,46,27
Dominica,25,75428,71084,70892,23,12,27,79,52,25,40,93,74,92,45,145,22,12,2,7,23292,779,59,66,30,32,145,46,27
Dominica,30,75428,70925,70694,23,12,27,79,52,25,40,93,74,92,44,145,22,12,2,7,23291,779,59,66,30,32,145,46,27
Dominica,50,75428,70127,69096,23,12,27,79,52,25,40,93,74,92,44,144,22,12,2,7,23274,778,58,65,30,32,144,45,27
Dominica,75,75428,66999,66870,23,11,27,77,51,25,39,90,72,89,44,141,21,11,2,7,22954,758,56,62,30,31,140,43,25
Dominican Republic,0,4809207,4809207,4809207,11690,10970,11258,20261,25895,14409,16950,22454,14697,14669,13660,19293,17787,17905,18641,29062,33036,18235,19674,25972,18500,16750,29307,17704,17440
Dominican Republic,10,4809207,2863300,2652868,11416,10618,10903,19674,25361,13702,16323,21880,14178,14290,13195,18207,13814,14485,15821,25890,28465,14937,16067,22619,15124,14037,24435,13946,12454
Dominican Republic,15,4809207,2771309,2601919,11373,10573,10850,19602,25288,13624,16246,21811,14123,14238,13149,18132,13479,14230,15594,25578,27989,14639,15697,22237,14812,13750,23904,13641,12132
Dominican Republic,20,4809207,2696057,2572871,11330,10525,10805,19534,25227,13557,16187,21752,14077,14194,13096,18062,13199,14029,15407,25325,27626,14388,15409,21928,14575,13519,23538,13404,11868
Dominican Republic,25,4809207,2642542,2517148,11292,10483,10767,19468,25172,13503,16136,21697,14036,14157,13032,17994,12983,13875,15270,25145,27396,14222,15226,21729,14416,13364,23298,13236,11683
Dominican Republic,30,4809207,2576438,2454740,11248,10436,10714,19388,25088,13414,16059,21612,13967,14103,12960,17905,12703,13678,15091,24908,27063,13970,14931,21441,14182,13141,22947,12997,11421
Dominican Republic,50,4809207,2236253,2040979,10504,9644,9991,18250,24023,12294,14971,20372,13004,13205,12139,17000,11206,12502,13926,23419,25284,12604,13598,19754,12949,11626,20993,11702,10041
Dominican Republic,75,4809207,1774355,1533799,8475,7728,8309,15445,21055,10068,12658,17310,10832,11031,10084,14463,8236,9921,11452,20234,21472,9939,10761,16193,10366,9195,17594,9342,7770
Ecuador,0,25633999,25633999,25633999,45605,30144,14090,37948,41012,36115,61691,52475,58497,34142,44196,77598,56570,36073,32615,47765,75232,40894,37649,51506,32160,55270,47469,68686,58064
Ecuador,10,25633999,19789997,20139294,45293,29972,13952,37559,40645,35847,61013,52127,58029,33951,43808,74864,49741,31756,30567,44800,72051,39139,36082,49359,30633,53131,43830,63268,52972
Ecuador,15,25633999,19557507,19900220,45257,29950,13934,37513,40594,35811,60929,52090,57964,33926,43780,74731,49394,31529,30436,44586,71819,39012,35958,49231,30544,52964,43580,62889,52593
Ecuador,20,25633999,19361067,19754403,45188,29911,13910,37427,40529,35749,60809,52035,57877,33882,43736,74571,49043,31321,30324,44401,71613,38906,35869,49133,30485,52839,43375,62587,52287
Ecuador,25,25633999,19217246,19500473,45141,29883,13889,37366,40478,35711,60718,51997,57813,33859,43709,74461,48771,31155,30242,44272,71466,38846,35803,49067,30437,52753,43221,62380,52078
Ecuador,30,25633999,19048768,19248315,45080,29846,13867,37284,40402,35646,60591,51940,57714,33822,43672,74304,48418,30934,30121,44091,71258,38748,35715,48963,30368,52618,43010,62063,51763
Ecuador,50,25633999,17934671,17357591,44125,29253,13474,36077,39262,34830,58748,51100,56410,33313,43200,72692,46091,29532,29263,42605,69686,37885,34980,48132,29842,51670,41556,59799,49634
Ecuador,75,25633999,15862084,15568553,41061,27393,12552,32429,35649,32073,52475,47634,51981,31504,41437,67828,40639,26112,27154,39173,65706,35694,33000,45899,28438,49139,38282,54727,44796
Egypt,0,98376625,98376625,98376625,223,118,157,267,148,102,187,181,125,208,210,886,971,766,305,331,634,285,110,110,129,182,2916,2019,1358
Egypt,10,98376625,952014,1091851,218,112,151,256,139,97,175,171,119,199,196,677,279,297,104,153,212,155,58,53,65,41,389,269,152
Egypt,15,98376625,898311,997006,203,98,130,223,117,84,156,156,112,183,176,653,259,278,96,143,199,151,54,51,62,39,317,233,133
Egypt,20,98376625,452595,314588,170,66,83,145,74,54,105,107,76,130,129,555,169,195,57,75,111,113,36,35,39,24,91,81,52
Egypt,25,98376625,387157,195089,165,63,78,136,69,50,100,100,72,124,124,535,153,180,51,63,98,105,32,31,35,23,74,66,43
Egypt,30,98376625,154304,143312,148,49,61,101,53,38,78,81,60,98,103,439,97,115,32,37,58,63,21,18,18,12,35,31,19
Egypt,50,98376625,14628,21391,96,25,38,42,28,19,42,52,35,48,57,220,6,9,4,7,8,9,5,1,4,1,8,3,3
Egypt,75,98376625,624,2292,22,3,8,5,6,2,8,14,9,6,9,40,0,0,0,0,0,0,0,0,0,0,0,0,0
El Salvador,0,2042273,2042273,2042273,9984,4946,6287,4790,6208,4855,3128,3479,4476,2994,3390,2723,2859,3134,3111,6550,5807,3350,2829,2667,1860,2048,2378,2185,2106
El Salvador,10,2042273,1127096,1003532,9672,4772,6097,4642,5983,4700,3035,3379,4351,2922,3296,2599,2211,2508,2545,5937,4981,2821,2371,2304,1557,1712,1918,1762,1698
El Salvador,15,2042273,1092794,994255,9629,4747,6074,4621,5959,4682,3024,3366,4335,2911,3283,2586,2177,2468,2509,5889,4928,2789,2341,2279,1542,1689,1890,1743,1677
El Salvador,20,2042273,1052468,981799,9575,4714,6036,4597,5930,4651,3009,3351,4315,2897,3266,2567,2128,2410,2463,5832,4859,2755,2303,2251,1521,1669,1851,1720,1649
El Salvador,25,2042273,1024830,947737,9541,4691,6010,4575,5906,4627,2998,3339,4301,2887,3256,2555,2099,2375,2433,5796,4815,2734,2281,2233,1507,1653,1825,1704,1631
El Salvador,30,2042273,988820,921954,9500,4666,5984,4555,5880,4604,2984,3325,4284,2873,3242,2536,2054,2320,2389,5743,4745,2703,2249,2208,1489,1632,1785,1679,1607
El Salvador,50,2042273,801726,758044,8601,4137,5322,4087,5344,4007,2682,3022,3904,2608,3009,2313,1718,1877,2052,5233,4164,2425,1986,2007,1337,1476,1573,1526,1454
El Salvador,75,2042273,470779,547682,4004,2480,2697,2576,3048,2353,1752,1839,2397,1623,1972,1500,945,933,1232,4081,2836,1746,1385,1502,973,1108,1109,1158,1101
Equatorial Guinea,0,2695939,2695939,2695939,3600,2994,1976,426,1618,1272,3210,4877,5723,6655,7770,4993,7370,19382,7517,9602,12012,7889,9584,4921,9005,7835,8586,7790,5056
Equatorial Guinea,10,2695939,2667100,2658586,3599,2994,1974,426,1617,1271,3209,4874,5722,6653,7767,4991,7355,19363,7511,9591,12000,7885,9575,4910,8973,7816,8577,7785,5052
Equatorial Guinea,15,2695939,2664661,2652287,3598,2993,1974,426,1616,1270,3203,4867,5719,6647,7755,4986,7349,19343,7505,9585,11990,7877,9567,4904,8967,7808,8569,7779,5049
Equatorial Guinea,20,2695939,2659675,2641690,3593,2991,1970,424,1612,1263,3178,4850,5707,6623,7736,4971,7323,19286,7490,9567,11966,7854,9549,4890,8945,7786,8550,7765,5035
Equatorial Guinea,25,2695939,2658364,2638389,3591,2991,1969,424,1612,1262,3169,4844,5703,6616,7730,4967,7316,19272,7485,9562,11959,7848,9545,4886,8938,7781,8545,7761,5032
Equatorial Guinea,30,2695939,2654600,2630332,3585,2986,1961,421,1608,1256,3142,4821,5685,6593,7706,4953,7290,19212,7469,9545,11938,7824,9526,4871,8906,7761,8525,7745,5019
Equatorial Guinea,50,2695939,2633389,2572532,3543,2958,1925,406,1589,1215,2985,4686,5584,6417,7515,4848,7171,18855,7345,9426,11791,7686,9375,4755,8719,7651,8377,7613,4940
Equatorial Guinea,75,2695939,2447623,2056855,3188,2631,1696,314,1326,979,2230,3706,4619,5019,6170,3940,5902,15249,6202,7856,9794,6315,7526,3742,6839,6389,6676,6037,4055
Eritrea,0,12045735,12045735,12045735,7,4,1,3,1,1,5,2,1,2,5,16,20,8,2,2,8,0,1,1,3,6,185,2,2
Eritrea,10,12045735,1421,6208,4,2,0,1,0,0,3,1,1,0,1,4,0,0,0,0,1,0,0,0,0,0,0,0,0
Eritrea,15,12045735,445,1615,3,0,0,0,0,0,0,0,0,0,0,0,0,0,0,0,0,0,0,0,0,0,0,0,0
Eritrea,20,12045735,28,154,3,0,0,0,0,0,0,0,0,0,0,0,0,0,0,0,0,0,0,0,0,0,0,0,0
Eritrea,25,12045735,11,60,3,0,0,0,0,0,0,0,0,0,0,0,0,0,0,0,0,0,0,0,0,0,0,0,0
Eritrea,30,12045735,5,43,3,0,0,0,0,0,0,0,0,0,0,0,0,0,0,0,0,0,0,0,0,0,0,0,0
Eritrea,50,12045735,2,1,2,0,0,0,0,0,0,0,0,0,0,0,0,0,0,0,0,0,0,0,0,0,0,0,0
Eritrea,75,12045735,2,0,2,0,0,0,0,0,0,0,0,0,0,0,0,0,0,0,0,0,0,0,0,0,0,0,0
Estonia,0,4548948,4548948,4548948,16912,21960,5644,18151,14867,21830,16233,18334,18871,21541,27235,17763,17431,24047,25860,37304,40006,41112,47117,38217,35312,40712,38303,36080,32341
Estonia,10,4548948,2780304,2906492,16898,21938,5638,18125,14843,21791,16207,18314,18846,21515,27213,17701,17195,23705,25530,36590,39154,40317,46207,37140,34320,39527,36598,35165,31325
Estonia,15,4548948,2722499,2829522,16889,21929,5636,18118,14832,21766,16197,18307,18835,21506,27206,17696,17156,23657,25490,36498,39044,40215,46107,37020,34202,39421,36433,35072,31229
Estonia,20,4548948,2695253,2811911,16883,21925,5634,18113,14826,21750,16194,18303,18829,21501,27202,17693,17134,23636,25469,36448,38986,40162,46055,36962,34141,39366,36362,35020,31180
Estonia,25,4548948,2670718,2775179,16880,21922,5633,18110,14823,21743,16191,18299,18826,21499,27200,17690,17115,23611,25448,36400,38929,40105,45996,36899,34082,39298,36262,34969,31127
Estonia,30,4548948,2639420,2725535,16873,21918,5633,18106,14818,21732,16189,18297,18823,21497,27199,17685,17089,23577,25420,36335,38857,40038,45917,36806,34004,39216,36156,34898,31059
Estonia,50,4548948,2465462,2503967,16743,21809,5610,18016,14733,21504,16110,18224,18699,21418,27136,17632,16881,23271,25130,35752,38258,39435,45249,36093,33484,38595,35483,34366,30530
Estonia,75,4548948,1956969,1913646,15465,19978,5299,16976,13698,19789,15220,17353,17554,20456,26003,17025,15321,21076,22828,31998,34288,35190,40516,31821,29825,34551,31770,30616,26911
Ethiopia,0,112902124,112902124,112902124,14568,17491,16985,17494,20999,14991,31945,31493,34690,25711,19240,50100,49993,56502,20177,37643,55491,32441,41700,35829,44021,48773,119335,94712,58274
Ethiopia,10,112902124,31135079,35761342,14426,17273,16901,17316,20833,14873,31739,31231,34559,25569,18997,49061,45446,49479,16841,33111,49511,27663,34963,28004,34175,35693,103596,84016,49577
Ethiopia,15,112902124,25291734,28550739,14066,16589,16478,16612,20055,14519,30798,30382,33968,25059,18576,48047,42980,46316,15505,30888,46739,25829,32932,25727,30857,31596,92877,75598,45332
Ethiopia,20,112902124,16513116,17745064,13002,14597,15070,14719,17706,13267,27713,27122,31572,22572,16983,44503,36037,38525,12433,24453,39946,21522,28444,20991,24040,24289,56859,47024,33558
Ethiopia,25,112902124,15478477,16674698,12798,14290,14809,14456,17331,13041,27247,26440,31108,22052,16632,43951,35020,37392,11921,23269,39065,20971,27881,20418,23139,23239,51053,42135,31658
Ethiopia,30,112902124,12040337,12361079,11947,13074,13936,13396,15869,12076,25609,24009,29279,20184,15463,41632,30851,32725,10276,19582,35404,18894,25582,17981,19751,19941,36263,27943,24980
Ethiopia,50,112902124,5425721,5926138,8206,7777,10482,9095,9447,7899,18897,14045,18015,12801,10449,27749,17317,17522,5624,9429,22277,11357,17931,10763,10410,10355,20847,12740,11316
Ethiopia,75,112902124,2039862,1695052,3679,3183,5158,3618,3364,3827,10041,6529,7412,6350,5203,10753,7448,6590,1976,3814,9764,4974,9528,5392,5123,4439,13343,6954,5124
Falkland Islands,0,1239776,1239776,1239776,0,0,0,0,0,0,0,0,0,0,0,0,0,0,0,0,0,0,0,0,0,0,0,0,0
Falkland Islands,10,1239776,3838,25088,0,0,0,0,0,0,0,0,0,0,0,0,0,0,0,0,0,0,0,0,0,0,0,0,0
Falkland Islands,15,1239776,3648,24182,0,0,0,0,0,0,0,0,0,0,0,0,0,0,0,0,0,0,0,0,0,0,0,0,0
Falkland Islands,20,1239776,2980,21903,0,0,0,0,0,0,0,0,0,0,0,0,0,0,0,0,0,0,0,0,0,0,0,0,0
Falkland Islands,25,1239776,2779,19107,0,0,0,0,0,0,0,0,0,0,0,0,0,0,0,0,0,0,0,0,0,0,0,0,0
Falkland Islands,30,1239776,2188,16829,0,0,0,0,0,0,0,0,0,0,0,0,0,0,0,0,0,0,0,0,0,0,0,0,0
Falkland Islands,50,1239776,1066,5026,0,0,0,0,0,0,0,0,0,0,0,0,0,0,0,0,0,0,0,0,0,0,0,0,0
Falkland Islands,75,1239776,137,1439,0,0,0,0,0,0,0,0,0,0,0,0,0,0,0,0,0,0,0,0,0,0,0,0,0
Faroe Islands,0,143971,143971,143971,0,0,0,0,0,0,0,0,0,0,0,0,0,0,0,0,0,0,0,0,0,0,0,0,0
Faroe Islands,10,143971,0,0,0,0,0,0,0,0,0,0,0,0,0,0,0,0,0,0,0,0,0,0,0,0,0,0,0
Faroe Islands,15,143971,0,0,0,0,0,0,0,0,0,0,0,0,0,0,0,0,0,0,0,0,0,0,0,0,0,0,0
Faroe Islands,20,143971,0,0,0,0,0,0,0,0,0,0,0,0,0,0,0,0,0,0,0,0,0,0,0,0,0,0,0
Faroe Islands,25,143971,0,0,0,0,0,0,0,0,0,0,0,0,0,0,0,0,0,0,0,0,0,0,0,0,0,0,0
Faroe Islands,30,143971,0,0,0,0,0,0,0,0,0,0,0,0,0,0,0,0,0,0,0,0,0,0,0,0,0,0,0
Faroe Islands,50,143971,0,0,0,0,0,0,0,0,0,0,0,0,0,0,0,0,0,0,0,0,0,0,0,0,0,0,0
Faroe Islands,75,143971,0,0,0,0,0,0,0,0,0,0,0,0,0,0,0,0,0,0,0,0,0,0,0,0,0,0,0
Fiji,0,1808214,1808214,1808214,1107,708,1581,2088,1674,1879,2153,2398,1798,2356,555,1300,2984,4301,2135,9640,3520,1542,1680,2273,7880,1109,959,1318,1570
Fiji,10,1808214,1650549,1501369,1104,707,1578,2085,1670,1877,2151,2394,1795,2352,554,1260,2806,3904,1926,8744,3310,1421,1517,2159,7531,1048,875,1169,1388
Fiji,15,1808214,1644657,1495753,1104,706,1577,2085,1670,1877,2151,2394,1794,2352,554,1259,2800,3894,1918,8715,3300,1417,1516,2156,7506,1047,870,1160,1382
Fiji,20,1808214,1595101,1461616,1100,704,1574,2082,1667,1876,2150,2390,1792,2349,554,1238,2748,3779,1866,8507,3183,1394,1484,2109,7327,1015,826,1118,1324
Fiji,25,1808214,1576606,1441161,1099,704,1573,2081,1666,1875,2149,2389,1792,2348,553,1231,2728,3748,1857,8456,3153,1385,1473,2095,7282,1006,813,1103,1303
Fiji,30,1808214,1556562,1418746,1098,703,1572,2080,1666,1874,2148,2387,1791,2347,553,1220,2699,3689,1838,8373,3092,1367,1456,2067,7199,989,789,1079,1262
Fiji,50,1808214,1395346,1291539,1079,696,1558,2058,1649,1859,2127,2355,1772,2325,543,1130,2532,3253,1702,7845,2687,1230,1320,1851,6635,884,640,857,982
Fiji,75,1808214,1215704,1129309,980,639,1414,1866,1529,1744,1965,2102,1623,2143,473,921,2200,2425,1450,6746,2238,1003,1080,1569,5902,742,511,573,670
Finland,0,33693914,33693914,33693914,151676,143019,90123,147182,231422,183114,152484,201075,177335,168206,160123,161597,151533,190528,175928,246709,349652,277580,297915,264033,275869,265912,252449,244341,251486
Finland,10,33693914,22796066,24482391,151452,142843,89982,147000,230991,182805,152263,200717,176922,167897,159751,160727,149542,187811,173640,242338,339759,272441,292223,257113,269316,258084,244506,236335,241368
Finland,15,33693914,22256214,23784174,151213,142657,89857,146828,230694,182582,152094,200443,176640,167703,159554,160518,149147,187297,173224,241491,338347,271333,291192,256001,268295,256965,243389,235226,240017
Finland,20,33693914,22134169,23652482,151112,142533,89779,146716,230519,182443,152008,200328,176501,167613,159467,160462,149046,187145,173097,241259,337888,271027,290897,255637,267971,256585,243005,234857,239558
Finland,25,33693914,21939050,23314681,151072,142499,89749,146674,230444,182385,151971,200261,176424,167566,159422,160404,148892,186937,172910,240912,337256,270521,290456,255111,267489,256054,242462,234322,238902
Finland,30,33693914,21627650,22817319,151003,142432,89697,146602,230333,182295,151915,200192,176320,167507,159355,160310,148661,186629,172640,240428,336199,269955,289910,254473,266899,255378,241781,233618,238056
Finland,50,33693914,18308144,19670293,149079,140349,88244,144132,226725,179241,150142,197949,173232,165944,157724,158421,144301,180767,167547,230799,322524,259746,279589,244270,257024,245440,232139,223970,226956
Finland,75,33693914,10425930,12261870,133239,123983,78208,129989,205904,162032,139811,183683,155257,154910,145799,145008,105564,129164,120913,158704,222935,182495,193871,166180,178454,171394,164539,156215,156668
France,0,54951533,54951533,54951533,36094,35224,28049,79270,48533,57322,50906,89474,68943,145202,65549,69532,35120,49408,41821,70408,80879,79406,92628,87269,124766,70670,100940,90508,86160
France,10,54951533,18354637,18292384,35085,34514,27052,77581,47258,55973,49925,87907,67809,144072,64615,68039,31418,45750,38635,63947,73090,71966,84051,79971,116010,61945,89694,81698,75677
France,15,54951533,17831168,17605332,34772,34220,26773,76884,46877,55559,49609,87485,67502,143722,64388,67771,31176,45429,38320,63168,72182,71279,83357,79392,115219,61124,88729,81005,74014
France,20,54951533,17581726,17472315,34622,34084,26637,76585,46692,55358,49456,87255,67312,143523,64272,67628,30961,45146,38031,62598,71484,70716,82789,78945,114607,60492,88032,80472,73224
France,25,54951533,17254573,17191747,34514,33980,26505,76342,46538,55176,49340,87079,67158,143379,64160,67480,30725,44830,37744,61823,70584,70105,82178,78465,113949,59766,87310,79930,71959
France,30,54951533,16783020,16838138,34421,33888,26393,76134,46391,55050,49246,86955,67054,143265,64074,67303,30352,44359,37293,60769,69249,69202,81304,77746,112886,58786,86279,79147,70488
France,50,54951533,15270416,14862862,32048,31569,23979,71059,43584,52109,47068,84070,64544,140179,62469,65152,28221,41367,34553,55263,62873,63994,76301,73699,107793,54114,81022,75044,63714
France,75,54951533,11568533,11045400,24964,24697,18080,56431,34663,42608,39610,72457,53941,121992,54690,57359,22628,33077,26858,42155,48266,50160,61043,60857,90302,42810,64777,60644,50765
French Guiana,0,8330101,8330101,8330101,3040,2502,1895,4817,2848,2541,3336,5235,2866,3210,2712,9802,3027,4371,3019,6378,4430,3905,3410,4511,2326,3975,5633,4932,4099
French Guiana,10,8330101,8170481,8170414,3035,2499,1891,4810,2843,2537,3331,5227,2864,3207,2710,9779,2978,4224,2884,6170,4184,3758,3310,4304,2213,3853,5124,4539,3971
French Guiana,15,8330101,8168551,8168837,3035,2498,1891,4808,2843,2536,3330,5226,2863,3207,2710,9777,2975,4216,2880,6161,4175,3755,3308,4300,2211,3850,5105,4528,3967
French Guiana,20,8330101,8166632,8166488,3034,2497,1890,4807,2842,2536,3329,5225,2863,3206,2709,9776,2972,4210,2877,6152,4167,3751,3306,4297,2209,3848,5089,4517,3962
French Guiana,25,8330101,8164374,8163515,3034,2497,1890,4806,2842,2535,3329,5224,2863,3206,2709,9774,2969,4201,2872,6137,4151,3744,3301,4293,2207,3844,5056,4507,3958
French Guiana,30,8330101,8162753,8157816,3033,2497,1889,4805,2841,2535,3328,5223,2862,3206,2709,9773,2968,4196,2868,6127,4144,3739,3298,4289,2205,3840,5044,4493,3955
French Guiana,50,8330101,8153384,8120127,3022,2488,1883,4787,2828,2529,3318,5209,2857,3199,2706,9758,2953,4157,2841,6062,4096,3709,3281,4267,2195,3820,4957,4442,3932
French Guiana,75,8330101,8131838,8058194,2986,2459,1864,4729,2787,2502,3279,5154,2836,3173,2693,9698,2918,4069,2779,5907,3977,3638,3236,4208,2169,3768,4811,4299,3873
FrenchSouthernTerritories,0,4362,4362,4362,0,0,0,0,0,0,0,0,0,8,0,0,0,0,0,0,0,0,0,0,0,0,0,0,0
FrenchSouthernTerritories,10,4362,90,231,0,0,0,0,0,0,0,0,0,8,0,0,0,0,0,0,0,0,0,0,0,0,0,0,0
FrenchSouthernTerritories,15,4362,88,207,0,0,0,0,0,0,0,0,0,7,0,0,0,0,0,0,0,0,0,0,0,0,0,0,0
FrenchSouthernTerritories,20,4362,80,182,0,0,0,0,0,0,0,0,0,7,0,0,0,0,0,0,0,0,0,0,0,0,0,0,0
FrenchSouthernTerritories,25,4362,76,164,0,0,0,0,0,0,0,0,0,7,0,0,0,0,0,0,0,0,0,0,0,0,0,0,0
FrenchSouthernTerritories,30,4362,72,160,0,0,0,0,0,0,0,0,0,6,0,0,0,0,0,0,0,0,0,0,0,0,0,0,0
FrenchSouthernTerritories,50,4362,60,157,0,0,0,0,0,0,0,0,0,6,0,0,0,0,0,0,0,0,0,0,0,0,0,0,0
FrenchSouthernTerritories,75,4362,28,8,0,0,0,0,0,0,0,0,0,6,0,0,0,0,0,0,0,0,0,0,0,0,0,0,0
Gabon,0,26454961,26454961,26454961,15348,14068,16988,10194,18003,20085,17098,18086,18536,10947,18725,18003,46469,49971,25834,32418,39170,27113,28909,22357,18580,30063,20067,29996,22530
Gabon,10,26454961,25910323,25889060,15344,14062,16982,10191,17991,20072,17081,18071,18524,10942,18704,17983,46374,49906,25815,32401,39141,27077,28878,22330,18557,30005,20038,29952,22492
Gabon,15,26454961,25573895,25506083,15322,14036,16968,10180,17957,20023,16986,17998,18427,10904,18660,17924,46260,49829,25787,32377,39104,27049,28847,22303,18525,29956,20002,29908,22446
Gabon,20,26454961,25062619,25027187,15200,13974,16923,10120,17837,19801,16763,17774,18339,10809,18476,17750,45549,49399,25665,32291,38906,26938,28712,22186,18432,29697,19865,29558,22206
Gabon,25,26454961,24969602,24934234,15174,13952,16910,10094,17806,19706,16711,17693,18320,10778,18410,17690,45329,49275,25626,32267,38844,26909,28680,22157,18409,29638,19832,29460,22146
Gabon,30,26454961,24690954,24699912,15083,13852,16845,9982,17699,19301,16501,17367,18252,10674,18161,17476,44449,48752,25473,32151,38644,26788,28561,22022,18318,29455,19707,29130,21920
Gabon,50,26454961,24158384,23913948,14514,13337,16463,9498,17188,17540,15595,16049,17844,10270,17070,16490,42164,47099,24888,31303,37803,26178,27961,21362,17835,28422,19063,28126,21032
Gabon,75,26454961,23070287,21072633,12264,11488,14371,8151,14892,13775,13027,12753,15905,8622,13640,13346,35029,40256,21817,27387,32676,21806,23623,17382,14930,23311,15710,23273,17172
Gambia,0,1067022,1067022,1067022,611,3096,241,730,941,348,957,1570,705,749,423,728,1721,1850,628,309,798,489,463,357,621,501,784,1071,1339
Gambia,10,1067022,453833,399107,594,3010,234,713,901,331,929,1549,648,719,414,666,1464,1538,492,299,770,436,442,343,527,485,672,942,1117
Gambia,15,1067022,192776,199137,269,987,98,470,205,117,470,1235,269,364,273,475,877,1098,414,261,636,394,402,299,430,423,487,561,653
Gambia,20,1067022,30465,33339,20,121,28,141,19,20,135,562,45,81,89,118,142,225,141,75,169,144,206,143,148,176,153,159,195
Gambia,25,1067022,20789,26552,11,91,23,112,13,16,113,498,26,61,70,96,95,147,111,50,113,96,156,104,110,136,109,115,145
Gambia,30,1067022,4562,3885,3,40,11,63,6,6,50,297,9,24,30,41,12,17,10,5,8,6,20,10,19,17,12,15,28
Gambia,50,1067022,37,83,0,1,0,2,1,1,0,8,1,0,0,1,0,0,0,0,0,0,0,0,0,0,0,0,0
Gambia,75,1067022,1,2,0,0,0,0,0,0,0,0,0,0,0,0,0,0,0,0,0,0,0,0,0,0,0,0,0
Georgia,0,6984453,6984453,6984453,686,552,302,2048,585,565,1061,782,482,897,565,540,388,153,45,664,270,342,183,247,445,328,942,659,784
Georgia,10,6984453,3369285,3200396,672,541,295,1991,557,539,1004,756,457,837,545,488,269,124,43,546,221,309,171,230,428,302,821,538,586
Georgia,15,6984453,3289877,3113852,669,539,294,1981,554,535,999,752,455,831,542,482,263,121,43,538,218,306,168,227,424,298,808,529,574
Georgia,20,6984453,3253557,3085467,668,538,293,1975,552,534,995,748,452,826,541,478,260,119,43,534,215,304,168,225,423,296,802,523,569
Georgia,25,6984453,3216327,3039926,667,537,293,1971,550,532,994,747,449,821,540,476,258,117,43,532,212,302,168,224,422,294,796,519,563
Georgia,30,6984453,3144570,2989945,667,536,292,1967,549,531,992,746,448,819,540,473,252,114,43,523,208,300,166,222,420,291,785,509,554
Georgia,50,6984453,2956336,2734582,646,519,286,1906,523,510,957,728,428,769,522,445,229,101,41,499,192,287,160,215,411,275,758,478,525
Georgia,75,6984453,2500617,1865017,527,455,253,1685,441,441,830,663,358,599,467,380,162,72,32,415,150,244,138,183,372,232,667,399,453
Germany,0,35782316,35782316,35782316,15658,15747,6641,45723,40365,43332,93861,62540,29234,76336,34693,26830,17426,23256,13547,29145,35258,54533,111203,190329,205618,89366,126717,93223,59261
Germany,10,35782316,13445306,13691660,15409,15447,6507,45191,39938,42860,93453,61976,28918,75901,34396,26177,15830,21545,13065,27286,33523,52864,109101,187739,203218,87156,123880,90558,56893
Germany,15,35782316,13058349,13237143,15356,15383,6482,45079,39853,42766,93341,61839,28835,75804,34338,26108,15719,21425,13016,27159,33350,52658,108817,187472,202899,86919,123573,90285,56596
Germany,20,35782316,12915076,13168201,15323,15350,6471,45018,39797,42711,93284,61766,28798,75746,34309,26065,15660,21358,12993,27076,33242,52519,108640,187330,202727,86774,123383,90099,56400
Germany,25,35782316,12729267,12990781,15304,15331,6461,44982,39766,42677,93250,61728,28779,75712,34289,26040,15594,21284,12966,26990,33145,52403,108476,187177,202550,86640,123202,89942,56257
Germany,30,35782316,12526018,12780606,15287,15304,6448,44939,39739,42652,93221,61693,28762,75678,34271,26007,15499,21169,12929,26877,32999,52239,108233,186939,202277,86450,122937,89727,56073
Germany,50,35782316,11706414,11645051,14843,14783,6241,43939,39089,41987,92219,60673,28293,74856,33833,25536,14843,20343,12603,26031,31955,51053,106354,184999,200148,84994,120945,88211,54729
Germany,75,35782316,9189024,8732563,12895,12836,5401,38103,34630,37314,85970,55028,25535,68677,30810,23002,11620,15876,10395,21683,26574,44138,93583,169521,185629,76154,107899,78742,46653
Ghana,0,23947396,23947396,23947396,53929,85067,30411,21788,51315,36269,55210,51675,55260,28368,47691,45271,139534,169203,80775,151290,176673,190163,113756,171977,124308,145410,149778,153081,171685
Ghana,10,23947396,18367384,17332916,53852,84987,30347,21655,51134,36017,54940,51383,55018,28115,47509,44887,134447,166569,80030,150950,176088,189827,113553,171620,124023,145045,148276,152141,170576
Ghana,15,23947396,13309056,13650286,52329,83808,29582,20241,48842,32802,51134,47592,50655,26537,45194,42638,111142,150948,75070,147995,166661,187989,111685,168884,122125,142973,143735,148023,164000
Ghana,20,23947396,8247478,9060329,47310,80662,27243,18397,44365,28915,43992,41699,41432,22745,39208,39341,88701,129266,63465,131576,133324,167451,98772,150813,111331,130027,125041,124318,132972
Ghana,25,23947396,7935305,8553536,46340,80135,26745,18185,43672,28443,43036,40758,40524,22032,38463,38736,87171,127580,62210,129372,129585,164373,96762,148121,109474,127879,122587,121140,129592
Ghana,30,23947396,6968886,7050022,43675,78393,24944,17628,41339,27143,40184,37827,38255,19476,36203,36631,81203,120205,57391,119243,115332,151530,88265,136613,101414,118644,112582,107918,116555
Ghana,50,23947396,4259581,3617080,34048,66576,19504,14893,33580,21841,32277,27703,31566,13991,28055,27578,54222,78879,36700,71839,61760,88544,50489,81998,59680,71473,65652,60465,72741
Ghana,75,23947396,207426,169270,8073,10576,3408,2224,4976,3207,4776,3950,4254,1962,3253,2677,817,938,610,2157,1019,1364,634,2176,1355,2350,1647,1630,2259
Gibraltar,0,1442,1442,1442,0,0,0,0,0,0,0,0,0,0,0,0,0,0,0,0,0,0,0,0,0,0,0,0,0
Gibraltar,10,1442,277,255,0,0,0,0,0,0,0,0,0,0,0,0,0,0,0,0,0,0,0,0,0,0,0,0,0
Gibraltar,15,1442,253,240,0,0,0,0,0,0,0,0,0,0,0,0,0,0,0,0,0,0,0,0,0,0,0,0,0
Gibraltar,20,1442,251,237,0,0,0,0,0,0,0,0,0,0,0,0,0,0,0,0,0,0,0,0,0,0,0,0,0
Gibraltar,25,1442,241,231,0,0,0,0,0,0,0,0,0,0,0,0,0,0,0,0,0,0,0,0,0,0,0,0,0
Gibraltar,30,1442,240,228,0,0,0,0,0,0,0,0,0,0,0,0,0,0,0,0,0,0,0,0,0,0,0,0,0
Gibraltar,50,1442,200,189,0,0,0,0,0,0,0,0,0,0,0,0,0,0,0,0,0,0,0,0,0,0,0,0,0
Gibraltar,75,1442,127,121,0,0,0,0,0,0,0,0,0,0,0,0,0,0,0,0,0,0,0,0,0,0,0,0,0
Greece,0,13257897,13257897,13257897,13843,5668,2996,7942,4937,8781,52918,23793,7745,9595,7402,16460,9871,6027,5543,9274,15763,11648,11750,8745,65098,17626,78109,27273,32711
Greece,10,13257897,4767664,4236139,13338,5355,2730,7222,4467,7839,48707,22124,6936,8374,6639,15002,8112,4693,4646,7623,11793,9057,9475,6604,56176,12638,59748,16694,15520
Greece,15,13257897,4430576,3937465,13001,5257,2670,7058,4362,7650,47740,21770,6772,8103,6514,14677,7778,4562,4541,7356,11311,8758,9169,6403,55191,11969,56873,15644,14070
Greece,20,13257897,4303638,3883293,12899,5216,2635,6956,4305,7525,47284,21558,6679,7978,6448,14376,7446,4420,4424,7131,10850,8455,8850,6224,54069,11613,54986,15005,13333
Greece,25,13257897,3982933,3778041,12828,5166,2591,6859,4235,7391,46397,21343,6605,7873,6308,13864,6625,4156,4142,6592,9972,7818,8194,5813,51874,10732,50417,13610,11626
Greece,30,13257897,3672608,3620472,12617,5127,2562,6814,4182,7346,46064,21198,6565,7788,6201,13242,5907,3803,3840,6034,8909,7123,7605,5428,49039,9794,46012,12512,10224
Greece,50,13257897,2960586,2680014,10933,4473,2205,5906,3587,6320,40865,18974,5858,6735,5285,10747,3709,2951,3030,4570,6292,5219,5862,4124,40163,7699,35931,9720,7101
Greece,75,13257897,2115703,1658731,7848,3321,1544,4266,2624,4507,30240,14737,4380,4616,3885,7855,1953,2029,2124,2939,3545,3260,3867,2728,26031,5130,23503,6364,4367
Grenada,0,35952,35952,35952,33,66,72,632,48,32,68,65,94,161,40,40,27,90,7,62,29,113,22,20,17,22,30,243,42
Grenada,10,35952,29552,28119,33,66,72,632,47,32,68,64,94,160,40,40,26,85,7,61,29,111,21,19,16,21,27,232,38
Grenada,15,35952,29188,28046,33,66,71,631,47,32,68,64,94,160,40,40,26,85,7,60,29,110,21,19,16,21,27,231,37
Grenada,20,35952,28970,27925,33,66,71,631,47,32,68,64,94,160,40,40,26,85,7,60,28,110,21,19,16,21,27,231,37
Grenada,25,35952,28769,27828,33,66,71,631,47,32,68,64,94,160,40,40,25,84,7,60,28,110,21,18,16,21,27,230,37
Grenada,30,35952,28534,27554,33,66,71,631,47,32,68,64,94,160,40,40,25,84,7,59,28,110,21,18,16,21,27,230,37
Grenada,50,35952,27653,25737,33,66,70,630,47,31,68,63,93,157,40,40,25,82,6,59,28,110,21,18,16,20,26,228,36
Grenada,75,35952,24553,23150,31,64,66,610,44,30,64,60,88,152,38,38,22,73,6,44,27,108,20,16,15,19,23,216,32
Guadeloupe,0,165027,165027,165027,344,56,84,208,246,68,173,150,123,146,76,417,282,302,93,88,86,119,90,67,93,49,58,44,78
Guadeloupe,10,165027,100979,105300,328,52,79,196,230,63,161,138,120,132,74,306,183,212,74,72,63,103,74,55,72,42,39,32,43
Guadeloupe,15,165027,98528,104714,326,51,78,194,228,63,160,137,119,130,74,302,179,208,73,71,62,103,72,54,69,41,38,30,41
Guadeloupe,20,165027,97254,104265,323,51,78,193,226,62,159,136,119,129,74,301,176,204,72,71,61,102,72,53,69,41,38,30,41
Guadeloupe,25,165027,96125,103837,322,51,77,192,225,62,159,136,119,128,74,298,173,202,72,70,61,102,71,53,69,41,37,29,41
Guadeloupe,30,165027,94757,101680,321,51,77,191,223,62,158,135,118,127,74,295,170,198,71,70,60,101,70,52,68,41,37,29,40
Guadeloupe,50,165027,90174,91789,308,48,73,183,208,60,151,127,115,119,72,271,156,181,69,68,59,96,67,49,64,39,34,26,37
Guadeloupe,75,165027,81785,80500,257,38,62,150,161,51,130,105,99,95,65,215,129,146,62,60,53,82,58,43,56,34,27,20,29
Guatemala,0,10914402,10914402,10914402,54606,56493,99862,57394,102096,53507,127840,78187,87812,60246,41193,85308,56981,65469,57427,184510,84135,75932,95663,103254,53765,50224,77636,148250,58137
Guatemala,10,10914402,8271285,7450524,53884,55999,98982,56849,101395,52905,127102,77541,87337,59849,40787,84562,55725,62765,55102,180506,81310,72788,92021,99983,51041,47597,73086,143878,53946
Guatemala,15,10914402,8105791,7358548,53780,55919,98820,56757,101269,52824,126964,77448,87259,59789,40730,84444,55586,62550,54888,179970,80895,72348,91561,99594,50732,47275,72578,143362,53508
Guatemala,20,10914402,7947162,7310847,53617,55814,98628,56657,101125,52723,126807,77353,87167,59703,40672,84310,55431,62324,54671,179453,80504,71903,91095,99219,50422,46958,72058,142877,53102
Guatemala,25,10914402,7820595,7165305,53507,55728,98462,56569,100996,52645,126674,77272,87094,59637,40616,84197,55317,62132,54499,179082,80235,71601,90784,98960,50215,46728,71694,142532,52817
Guatemala,30,10914402,7691096,7032006,53315,55609,98213,56440,100814,52521,126476,77147,86980,59533,40534,84027,55177,61883,54234,178532,79801,71129,90261,98561,49898,46373,71098,141998,52384
Guatemala,50,10914402,6949441,6217528,50535,53482,92542,54255,97012,50489,122792,75068,85026,58006,39490,81906,53996,60056,52327,174457,76772,67918,86862,95890,47796,44099,67464,138556,49726
Guatemala,75,10914402,5754034,5329175,42909,46542,71875,47065,81037,44244,106748,67124,77274,52948,36749,74205,49151,52774,45542,155833,65395,57056,74958,85756,41027,37158,56476,127580,42769
Guernsey,0,17690,17690,17690,3,0,0,0,0,0,0,1,3,0,1,1,0,1,0,0,0,1,0,0,1,1,1,1,1
Guernsey,10,17690,4234,5091,2,0,0,0,0,0,0,1,2,0,1,1,0,1,0,0,0,0,0,0,1,1,1,1,1
Guernsey,15,17690,3745,4450,2,0,0,0,0,0,0,1,2,0,1,1,0,1,0,0,0,0,0,0,1,1,1,1,1
Guernsey,20,17690,3532,4343,2,0,0,0,0,0,0,1,2,0,1,1,0,0,0,0,0,0,0,0,1,1,1,1,1
Guernsey,25,17690,3301,4113,2,0,0,0,0,0,0,1,2,0,1,1,0,0,0,0,0,0,0,0,1,1,1,1,1
Guernsey,30,17690,3016,3872,2,0,0,0,0,0,0,1,2,0,1,1,0,0,0,0,0,0,0,0,1,1,1,1,1
Guernsey,50,17690,2309,2758,1,0,0,0,0,0,0,1,1,0,1,1,0,0,0,0,0,0,0,0,1,1,1,1,1
Guernsey,75,17690,930,1367,1,0,0,0,0,0,0,0,1,0,1,1,0,0,0,0,0,0,0,0,0,0,1,1,1
Guinea,0,24481607,24481607,24481607,25019,38029,12130,30233,25251,22810,55080,38675,40816,45630,46118,37962,210155,191823,228433,303328,360869,299782,313292,275162,263900,219753,279523,277793,198478
Guinea,10,24481607,22567098,21944919,24956,37881,12060,30027,25054,22766,54844,38475,40604,45061,45982,37856,209591,191411,228149,302998,360214,299165,312561,274738,263465,219096,278198,275944,197224
Guinea,15,24481607,19376713,19060280,23693,36065,11241,26576,22276,21597,48921,32936,35459,32916,42770,36614,206612,188490,226398,299881,353121,291797,305099,270266,259075,213245,269424,265802,189812
Guinea,20,24481607,12426848,12795734,21111,32459,10026,21170,18128,18584,39648,25573,28147,19872,35132,30785,181979,165927,203393,268844,299488,241870,254783,230972,220327,174065,213123,206905,147579
Guinea,25,24481607,11347594,11632140,20528,31660,9863,20186,17342,17757,38265,24466,26960,18782,33329,29307,175549,159963,196184,259929,286593,230054,242972,220879,210246,165121,200931,194075,138403
Guinea,30,24481607,8159636,8023663,18571,28933,9229,17158,14581,15306,33821,21481,23388,16046,27638,24486,146185,132716,161820,216013,231588,182895,193690,178407,167377,130216,154123,146802,104703
Guinea,50,24481607,2155938,2409503,10425,17868,5276,6920,5462,6968,16530,8674,10008,6663,9366,10202,43280,41958,46851,66686,71082,49097,55445,56411,44812,38928,39860,41467,29363
Guinea,75,24481607,182015,264463,1943,2953,847,993,748,876,2256,1108,1405,801,876,938,899,768,895,1435,1547,839,1002,1147,721,860,623,862,646
Guinea-Bissau,0,3388190,3388190,3388190,3279,7456,1374,5812,6832,3583,9704,4128,11846,6701,6090,7359,40588,18991,19980,26517,26927,23246,27437,26313,21163,16132,18311,16804,15036
Guinea-Bissau,10,3388190,2909270,2909523,3265,7419,1362,5799,6788,3561,9679,4124,11828,6692,6080,7328,40451,18928,19898,26443,26820,23132,27342,26163,21104,16058,18183,16686,14813
Guinea-Bissau,15,3388190,2693545,2627268,3185,7246,1300,5692,6067,3327,9293,4092,11650,6603,6041,7114,40099,18809,19797,26287,26578,22993,27156,26068,20970,15951,18052,16541,14528
Guinea-Bissau,20,3388190,1677849,1752300,2809,6606,1088,4412,4502,2400,7242,3697,9429,5630,5071,4808,30582,16251,17075,21890,22244,19282,21899,22513,17570,13092,15382,13188,11417
Guinea-Bissau,25,3388190,1503925,1576566,2741,6501,1078,4196,4382,2310,7009,3602,9050,5408,4881,4385,27742,15470,16050,20496,20845,18117,20400,21335,16663,12312,14511,12213,10567
Guinea-Bissau,30,3388190,1069852,1126590,2362,6074,1022,3539,3928,2018,6044,3249,7964,4900,4284,3511,20704,12859,12661,16120,16437,14394,15623,17108,13685,9780,11479,9301,8132
Guinea-Bissau,50,3388190,314211,203571,703,2901,497,1265,1623,855,2003,1441,3505,2750,2085,1615,7819,5727,5202,6643,6693,6034,6105,7546,5940,4275,4375,3562,3192
Guinea-Bissau,75,3388190,3469,4924,44,172,23,94,67,61,85,83,184,185,95,12,28,22,14,21,18,24,18,50,29,22,25,15,15
Guyana,0,20974406,20974406,20974406,10099,4864,7445,4086,5864,5958,5266,9490,8312,10146,8411,13265,7491,12776,13273,26927,19694,11962,22811,16160,9722,10714,30408,110491,20122
Guyana,10,20974406,19068846,19145588,10059,4840,7427,4070,5842,5941,5254,9469,8280,10118,8376,13133,7151,12242,13121,26584,19478,11790,22394,15815,9558,10589,28124,107859,19383
Guyana,15,20974406,19051736,19133407,10055,4837,7425,4069,5840,5939,5253,9467,8277,10114,8374,13128,7144,12224,13113,26569,19466,11785,22377,15806,9553,10585,28065,107750,19362
Guyana,20,20974406,19030643,19114130,10049,4833,7423,4066,5837,5937,5252,9464,8273,10109,8370,13123,7135,12202,13104,26549,19455,11776,22357,15791,9549,10578,28010,107618,19340
Guyana,25,20974406,19010121,19091180,10045,4831,7421,4064,5835,5935,5251,9462,8270,10104,8366,13117,7124,12165,13093,26528,19443,11769,22341,15779,9544,10572,27927,107496,19319
Guyana,30,20974406,18996037,19052062,10040,4827,7419,4062,5832,5934,5250,9460,8267,10099,8363,13112,7117,12154,13084,26512,19434,11761,22324,15770,9537,10564,27882,107335,19296
Guyana,50,20974406,18900472,18825323,9966,4785,7367,4033,5797,5890,5221,9415,8207,10012,8317,13030,7070,12049,13013,26361,19361,11704,22159,15690,9502,10523,27597,106161,19150
Guyana,75,20974406,18768621,18548999,9804,4709,7204,3961,5701,5772,5131,9298,8069,9851,8228,12853,6991,11884,12875,26033,19191,11589,21735,15524,9433,10445,27172,103829,18865
Haiti,0,2710756,2710756,2710756,2669,2297,1150,2607,2211,1343,2284,2379,2682,2253,2775,4986,4483,5097,3961,18495,6175,4777,5185,4544,2911,2277,3251,3051,2868
Haiti,10,2710756,1073322,905904,2559,2191,1105,2471,2100,1206,2163,2266,2538,2149,2640,4417,3447,4144,3311,17719,5736,4343,4646,4053,2579,2015,2803,2637,2388
Haiti,15,2710756,1010108,882445,2544,2179,1097,2455,2089,1194,2148,2251,2520,2138,2624,4383,3373,4064,3260,17595,5680,4284,4576,3990,2534,1975,2736,2586,2339
Haiti,20,2710756,950113,861326,2514,2154,1085,2427,2067,1183,2121,2229,2501,2118,2601,4344,3302,3991,3199,17475,5613,4231,4504,3923,2487,1924,2669,2526,2281
Haiti,25,2710756,907108,830336,2492,2140,1079,2405,2053,1173,2101,2211,2486,2103,2587,4312,3252,3935,3158,17388,5566,4195,4464,3877,2457,1892,2621,2482,2247
Haiti,30,2710756,858468,792454,2469,2120,1070,2383,2033,1163,2077,2192,2465,2084,2564,4273,3181,3859,3088,17267,5499,4132,4395,3802,2414,1844,2556,2418,2189
Haiti,50,2710756,657384,561845,2012,1757,915,1958,1738,996,1696,1857,2120,1759,2222,3783,2803,3427,2690,16554,5085,3812,4034,3383,2135,1561,2173,2039,1873
Haiti,75,2710756,433473,340576,1276,1074,606,1214,1199,695,1096,1199,1433,1167,1471,2654,2049,2451,1850,14810,4138,3085,3140,2505,1609,1068,1519,1403,1318
Honduras,0,11229008,11229008,11229008,43307,32138,34483,26989,41437,42727,43219,44738,52217,46783,53254,33163,45731,60742,53264,196675,120202,80966,87666,98459,75400,60386,89627,79323,39087
Honduras,10,11229008,8440324,8025293,42762,31786,33996,26667,40847,42076,42731,43832,51794,46408,52896,32597,44331,58572,51385,192110,115947,77765,83369,95104,71048,58266,85938,76220,35584
Honduras,15,11229008,8254450,7934833,42686,31737,33932,26624,40774,41987,42669,43724,51731,46352,52838,32532,44160,58266,51093,191272,115266,77295,82819,94648,70593,58006,85490,75877,35193
Honduras,20,11229008,8047241,7861267,42569,31655,33821,26563,40669,41864,42580,43582,51653,46257,52748,32450,43959,57956,50763,190248,114586,76875,82265,94229,70097,57753,85080,75531,34820
Honduras,25,11229008,7883587,7705824,42487,31604,33742,26522,40591,41767,42509,43465,51593,46185,52679,32384,43793,57720,50511,189250,114016,76583,81845,93960,69813,57559,84781,75269,34541
Honduras,30,11229008,7740496,7554780,42380,31528,33625,26456,40472,41631,42413,43299,51515,46085,52571,32306,43632,57483,50243,188442,113473,76255,81416,93649,69498,57343,84448,74953,34244
Honduras,50,11229008,6696608,6478968,40267,29957,31461,25160,38399,38988,40447,40402,49840,44334,50851,31241,42044,55138,47230,177418,107673,73051,77392,90844,67035,55356,81630,72738,31945
Honduras,75,11229008,5266745,5333560,34530,25781,26379,21734,33630,33299,35062,34745,45450,39884,45821,28304,37694,49427,40118,147502,92768,65115,68517,83151,61406,50735,75249,67974,27371
Hungary,0,9303964,9303964,9303964,7586,7772,5775,12101,10514,8110,9518,9160,10181,11367,8337,12410,9723,17176,11802,16187,16255,16177,16898,14333,17164,18740,24773,16754,20582
Hungary,10,9303964,2220982,2216809,7551,7736,5745,12038,10444,8036,9420,9006,10110,11297,8263,12057,9159,15610,10943,14415,14495,14233,14802,12346,14196,15343,20408,13303,16224
Hungary,15,9303964,2150538,2093690,7540,7728,5740,12029,10434,8021,9399,8968,10098,11280,8248,12020,9113,15502,10895,14331,14413,14139,14716,12275,14102,15215,20247,13169,16063
Hungary,20,9303964,2112007,2078052,7534,7720,5734,12017,10419,8006,9382,8936,10086,11268,8237,11999,9076,15422,10860,14260,14340,14057,14643,12206,14015,15108,20107,13063,15919
Hungary,25,9303964,2063398,2039677,7525,7712,5728,12007,10408,7995,9369,8919,10076,11263,8229,11963,9022,15304,10804,14157,14246,13953,14537,12118,13895,14974,19930,12923,15738
Hungary,30,9303964,1989596,1991274,7523,7708,5726,12002,10403,7990,9361,8911,10071,11258,8225,11920,8947,15135,10718,14019,14116,13809,14401,12016,13757,14808,19704,12739,15508
Hungary,50,9303964,1797293,1721495,7397,7573,5649,11845,10237,7840,9163,8627,9919,11118,8102,11638,8491,14232,10219,13230,13332,12996,13636,11407,12999,13926,18584,11822,14361
Hungary,75,9303964,1426605,1141620,6858,6974,5254,11096,9447,7201,8351,7746,9144,10297,7408,10596,6928,11490,8380,10524,10837,10491,11171,9438,10560,11365,15251,9291,11307
Iceland,0,10222383,10222383,10222383,0,0,0,0,0,0,0,0,0,0,0,0,0,0,0,0,0,0,0,0,0,0,0,0,0
Iceland,10,10222383,0,818092,0,0,0,0,0,0,0,0,0,0,0,0,0,0,0,0,0,0,0,0,0,0,0,0,0
Iceland,15,10222383,0,608519,0,0,0,0,0,0,0,0,0,0,0,0,0,0,0,0,0,0,0,0,0,0,0,0,0
Iceland,20,10222383,0,574116,0,0,0,0,0,0,0,0,0,0,0,0,0,0,0,0,0,0,0,0,0,0,0,0,0
Iceland,25,10222383,0,499456,0,0,0,0,0,0,0,0,0,0,0,0,0,0,0,0,0,0,0,0,0,0,0,0,0
Iceland,30,10222383,0,424691,0,0,0,0,0,0,0,0,0,0,0,0,0,0,0,0,0,0,0,0,0,0,0,0,0
Iceland,50,10222383,0,175959,0,0,0,0,0,0,0,0,0,0,0,0,0,0,0,0,0,0,0,0,0,0,0,0,0
Iceland,75,10222383,0,38555,0,0,0,0,0,0,0,0,0,0,0,0,0,0,0,0,0,0,0,0,0,0,0,0,0
India,0,297835740,297835740,297835740,60456,51973,47993,73449,62581,68585,75875,87991,82819,52442,98606,108220,109245,176883,142429,219386,239059,183495,168205,187545,168007,155801,240320,202904,204095
India,0,10424222,10424222,10424222,109,420,174,930,189,549,251,292,267,312,89,433,77,84,3,19,87,103,39,64,72,57,272,310,293
India,0,30761,30761,30761,0,0,0,0,0,0,0,0,0,0,0,0,0,0,0,0,0,0,0,0,0,0,0,0,0
India,0,25811,25811,25811,0,0,0,0,0,0,0,0,0,0,0,0,0,0,0,0,0,0,0,0,0,0,0,0,0
India,0,6712878,6712878,6712878,5641,4865,3834,6956,6021,6028,6145,7237,4937,3680,5221,7187,6479,8405,7818,13168,12019,8182,6293,8345,8731,9918,8140,8910,11477
India,0,108463,108463,108463,0,0,0,0,0,0,0,0,0,0,0,0,0,0,0,0,0,0,0,0,0,0,0,0,0
India,10,297835740,42557274,37109757,58358,49435,45397,69044,58482,63493,70490,81834,77331,48989,88663,93660,83146,143619,117630,177258,193979,139031,127502,143399,135664,124595,154598,140223,133246
India,10,10424222,1302405,1135725,100,409,165,904,174,536,230,274,255,298,82,408,36,49,2,6,67,78,28,44,47,29,124,101,120
India,10,30761,7,0,0,0,0,0,0,0,0,0,0,0,0,0,0,0,0,0,0,0,0,0,0,0,0,0,0
India,10,25811,5,0,0,0,0,0,0,0,0,0,0,0,0,0,0,0,0,0,0,0,0,0,0,0,0,0,0
India,10,6712878,5231358,5114875,5512,4799,3780,6875,5943,5918,5993,7095,4836,3610,5006,6778,5614,7271,6850,11554,10429,7098,5401,7075,7260,8652,6999,7761,10186
India,10,108463,1,0,0,0,0,0,0,0,0,0,0,0,0,0,0,0,0,0,0,0,0,0,0,0,0,0,0
India,15,297835740,38580562,32908978,57845,48858,44857,68055,57704,62603,69460,80674,76140,48374,86631,91658,80667,139827,114956,172920,188819,134316,123461,139019,132215,121040,148473,135509,128317
India,15,10424222,1192438,1016988,100,407,164,898,172,529,227,272,252,293,81,404,34,46,2,6,66,77,28,43,44,28,116,93,114
India,15,30761,7,0,0,0,0,0,0,0,0,0,0,0,0,0,0,0,0,0,0,0,0,0,0,0,0,0,0
India,15,25811,5,0,0,0,0,0,0,0,0,0,0,0,0,0,0,0,0,0,0,0,0,0,0,0,0,0,0
India,15,6712878,5182764,5060614,5494,4786,3771,6856,5932,5902,5981,7075,4823,3602,4992,6739,5542,7167,6747,11401,10271,6985,5319,6961,7124,8526,6898,7668,10069
India,15,108463,1,0,0,0,0,0,0,0,0,0,0,0,0,0,0,0,0,0,0,0,0,0,0,0,0,0,0
India,20,297835740,37367904,32328842,57591,48547,44577,67596,57312,62144,68944,80070,75568,48051,85787,90663,79322,137933,113667,170721,186537,132137,121641,137036,130682,119405,145765,133318,126036
India,20,10424222,1163218,996294,99,405,164,894,171,525,224,270,251,291,81,402,32,44,2,5,66,76,28,42,43,27,111,91,110
India,20,30761,6,0,0,0,0,0,0,0,0,0,0,0,0,0,0,0,0,0,0,0,0,0,0,0,0,0,0
India,20,25811,4,0,0,0,0,0,0,0,0,0,0,0,0,0,0,0,0,0,0,0,0,0,0,0,0,0,0
India,20,6712878,5171650,5051454,5485,4779,3767,6846,5925,5893,5972,7066,4814,3598,4982,6704,5491,7106,6697,11329,10208,6941,5285,6909,7066,8482,6857,7630,10024
India,20,108463,1,0,0,0,0,0,0,0,0,0,0,0,0,0,0,0,0,0,0,0,0,0,0,0,0,0,0
India,25,297835740,35451732,31153562,57032,48060,44053,66768,56710,61364,68122,79106,74630,47668,84262,89399,78037,136076,112421,168628,184381,129979,119893,135112,129233,117813,142879,131042,123650
India,25,10424222,1119103,914071,99,402,163,891,169,522,221,268,249,289,81,400,30,44,2,5,66,75,27,42,42,27,106,87,106
India,25,30761,6,0,0,0,0,0,0,0,0,0,0,0,0,0,0,0,0,0,0,0,0,0,0,0,0,0,0
India,25,25811,4,0,0,0,0,0,0,0,0,0,0,0,0,0,0,0,0,0,0,0,0,0,0,0,0,0,0
India,25,6712878,5166167,4993081,5478,4772,3762,6838,5922,5886,5964,7057,4808,3594,4974,6687,5465,7068,6669,11283,10171,6912,5263,6872,7022,8444,6829,7602,9995
India,25,108463,1,0,0,0,0,0,0,0,0,0,0,0,0,0,0,0,0,0,0,0,0,0,0,0,0,0,0
India,30,297835740,32620760,28594312,56792,47839,43831,66411,56419,61012,67731,78641,74155,47442,83415,88012,75407,132072,109678,164151,179260,125295,115904,130855,125753,114224,136713,126044,118595
India,30,10424222,1073021,872420,99,400,162,890,168,519,220,267,249,288,80,399,28,41,1,5,65,72,26,41,38,25,100,81,99
India,30,30761,6,0,0,0,0,0,0,0,0,0,0,0,0,0,0,0,0,0,0,0,0,0,0,0,0,0,0
India,30,25811,4,0,0,0,0,0,0,0,0,0,0,0,0,0,0,0,0,0,0,0,0,0,0,0,0,0,0
India,30,6712878,5136558,4968539,5470,4766,3757,6829,5918,5879,5956,7045,4799,3587,4965,6657,5431,7025,6630,11206,10096,6866,5225,6819,6956,8379,6779,7552,9941
India,30,108463,1,0,0,0,0,0,0,0,0,0,0,0,0,0,0,0,0,0,0,0,0,0,0,0,0,0,0
India,50,297835740,24786693,18810594,52810,43425,39485,59468,50570,54005,60096,70105,66373,43118,71168,76670,65144,115294,98230,145646,159639,108303,101388,114860,112830,100605,117272,109623,102537
India,50,10424222,795513,543444,86,367,138,782,146,432,179,233,221,241,67,363,17,27,0,4,63,64,22,36,22,17,60,47,60
India,50,30761,1,0,0,0,0,0,0,0,0,0,0,0,0,0,0,0,0,0,0,0,0,0,0,0,0,0,0
India,50,25811,2,0,0,0,0,0,0,0,0,0,0,0,0,0,0,0,0,0,0,0,0,0,0,0,0,0,0
India,50,6712878,4883082,4448558,5377,4707,3706,6734,5850,5779,5863,6941,4707,3529,4848,6446,5156,6658,6300,10737,9611,6558,4987,6482,6551,8015,6466,7253,9617
India,50,108463,0,0,0,0,0,0,0,0,0,0,0,0,0,0,0,0,0,0,0,0,0,0,0,0,0,0,0
India,75,297835740,12167801,9570247,40440,31377,28023,42434,35762,37348,39111,46933,44641,30433,43936,50955,35888,61181,57179,83841,90766,56143,53809,61342,64436,53391,60169,59038,54863
India,75,10424222,423044,262575,49,270,66,479,97,240,85,158,141,134,35,263,5,7,0,1,52,49,14,20,7,8,21,16,18
India,75,30761,1,0,0,0,0,0,0,0,0,0,0,0,0,0,0,0,0,0,0,0,0,0,0,0,0,0,0
India,75,25811,1,0,0,0,0,0,0,0,0,0,0,0,0,0,0,0,0,0,0,0,0,0,0,0,0,0,0
India,75,6712878,4199784,3738823,4913,4319,3424,6221,5448,5334,5438,6391,4364,3250,4392,5678,4036,5180,4918,8758,7669,5148,3934,5142,5031,6515,5271,6123,8210
India,75,108463,0,0,0,0,0,0,0,0,0,0,0,0,0,0,0,0,0,0,0,0,0,0,0,0,0,0,0
Indonesia,0,189023581,189023581,189023581,754493,864967,549193,1303370,1196068,1451759,1413145,1416133,1960372,1288134,1560848,2305401,1222776,2048020,1877558,2598728,1449331,1363600,1336079,1071763,953795,1002528,1668215,1313569,1370727
Indonesia,10,189023581,165098316,162773868,748273,859053,546506,1294312,1186613,1439371,1393369,1400818,1950148,1281784,1548626,2271469,1153806,1924737,1773455,2459863,1332280,1247352,1206947,983067,862486,908032,1446292,1156289,1199377
Indonesia,15,189023581,163637408,160771739,747168,858052,546052,1292851,1185300,1437456,1391658,1399502,1948604,1281100,1547107,2268369,1149676,1916083,1765679,2448892,1322837,1238703,1197866,976622,856105,901046,1430519,1145087,1187591
Indonesia,20,189023581,162782347,160094433,745905,856856,545515,1291214,1184183,1435661,1389885,1398125,1947132,1280365,1545741,2264781,1145714,1908153,1758825,2439830,1315087,1231524,1190440,971214,850661,895303,1418070,1136263,1178351
Indonesia,25,189023581,161883065,158970716,745097,856082,545180,1290158,1183366,1434492,1388959,1397336,1946201,1279941,1544824,2262948,1143340,1903169,1754546,2433598,1310033,1226970,1185513,967737,847351,891666,1409593,1130500,1172430
Indonesia,30,189023581,160640822,157792891,744084,855270,544812,1289035,1182436,1433147,1387621,1396246,1944957,1279328,1543628,2260258,1139300,1894359,1746464,2422066,1300718,1218733,1176883,961585,841390,885237,1395285,1120264,1161831
Indonesia,50,189023581,155062981,150794419,734816,845674,540481,1274917,1170924,1414752,1371552,1381807,1927445,1271070,1530072,2234682,1113900,1840270,1697193,2351378,1249676,1172039,1127529,927802,810565,851368,1319916,1067047,1107736
Indonesia,75,189023581,140897240,136932396,691828,792392,512878,1195226,1105171,1313630,1280668,1292283,1814226,1212248,1454723,2101033,1000149,1612982,1480164,2041150,1061130,996390,949736,795617,691287,723312,1072054,882590,922544
Iran,0,162174334,162174334,162174334,423,675,416,425,244,220,219,479,269,289,310,505,313,184,0,10,181,77,172,36,35,120,388,486,506
Iran,10,162174334,1999536,1540209,348,583,344,299,183,156,144,386,199,213,246,422,91,93,0,3,125,70,150,23,23,102,154,82,92
Iran,15,162174334,1894535,1466056,340,573,337,291,179,149,139,382,196,207,243,417,86,88,0,3,121,69,148,22,22,101,150,79,88
Iran,20,162174334,1851257,1452132,338,566,332,285,177,146,135,378,194,203,241,414,83,85,0,2,119,69,147,22,22,100,146,75,86
Iran,25,162174334,1800731,1404934,334,562,329,280,175,143,133,376,192,199,240,410,77,82,0,2,116,68,146,21,22,97,141,73,84
Iran,30,162174334,1731670,1370814,332,558,327,276,173,141,131,374,191,196,239,407,72,78,0,2,110,68,144,20,21,95,137,66,80
Iran,50,162174334,1545483,973603,293,483,279,224,141,110,107,327,168,157,215,363,49,51,0,2,86,65,135,18,17,77,102,49,63
Iran,75,162174334,999615,267362,203,254,157,107,62,46,50,166,94,77,115,171,19,15,0,1,19,51,94,7,3,12,12,13,35
Iraq,0,43645440,43645440,43645440,31,35,46,14,20,19,27,40,34,24,23,51,147,35,2,5,1,0,0,1,0,0,34,17,24
Iraq,10,43645440,38466,43524,17,19,22,5,6,7,12,20,19,15,4,10,4,3,0,1,1,0,0,0,0,0,7,4,4
Iraq,15,43645440,29516,39152,16,15,22,5,6,7,11,19,18,14,4,10,3,3,0,0,1,0,0,0,0,0,7,3,4
Iraq,20,43645440,25196,38538,16,11,21,4,5,6,11,18,16,14,3,10,3,2,0,0,1,0,0,0,0,0,5,3,3
Iraq,25,43645440,20023,28161,16,11,20,4,5,6,10,18,16,14,3,9,3,2,0,0,1,0,0,0,0,0,4,2,3
Iraq,30,43645440,17506,27447,16,11,20,4,5,6,10,18,16,13,3,9,3,1,0,0,1,0,0,0,0,0,3,2,2
Iraq,50,43645440,6659,18090,13,6,15,3,3,4,7,14,9,9,2,6,1,1,0,0,0,0,0,0,0,0,2,2,1
Iraq,75,43645440,818,4158,10,4,12,1,1,2,3,2,3,5,1,2,0,0,0,0,0,0,0,0,0,0,1,1,1
Ireland,0,7026606,7026606,7026606,9898,5520,2317,7151,8357,5356,12487,7203,7355,4039,3221,6012,5788,6366,4937,10817,7208,9600,12674,7463,10621,8316,8816,9905,20625
Ireland,10,7026606,1101984,2000283,9713,5370,2301,7002,8202,5289,11952,7026,7280,3944,3133,5889,4931,5845,4592,9698,6353,8631,10811,6454,9165,7071,7213,7746,13133
Ireland,15,7026606,954118,1802979,9631,5333,2287,6930,8152,5265,11817,6972,7251,3897,3119,5855,4877,5814,4571,9617,6297,8572,10699,6397,9080,7010,7130,7647,12904
Ireland,20,7026606,901742,1749783,9612,5321,2285,6911,8133,5260,11775,6954,7245,3885,3114,5850,4862,5803,4563,9594,6280,8557,10658,6380,9046,6985,7097,7609,12761
Ireland,25,7026606,871713,1614847,9596,5312,2279,6898,8117,5254,11735,6939,7238,3871,3107,5836,4801,5738,4501,9449,6168,8415,10456,6252,8838,6801,6918,7396,12339
Ireland,30,7026606,838579,1495682,9553,5300,2271,6870,8093,5248,11688,6924,7224,3853,3101,5829,4778,5719,4484,9390,6125,8381,10354,6213,8779,6753,6858,7333,12169
Ireland,50,7026606,636927,997984,8913,5044,2183,6475,7765,5109,10861,6591,7058,3624,3010,5667,4543,5505,4289,8816,5718,7903,9534,5769,8060,6124,6116,6502,10035
Ireland,75,7026606,289095,446251,6713,3991,1902,5243,6455,4430,8681,5481,6294,3065,2645,4976,3175,4041,3095,5955,3830,5346,6066,3743,5084,3645,3583,3639,5319
IsleofMan,0,115933,115933,115933,35,28,4,17,23,55,66,0,99,103,25,67,40,96,28,36,43,24,41,15,33,34,15,28,157
IsleofMan,10,115933,32744,41316,32,28,4,17,22,54,62,0,96,101,25,64,35,89,23,35,38,24,40,14,30,34,15,28,154
IsleofMan,15,115933,29175,38108,32,28,4,17,22,53,61,0,95,100,25,64,34,88,23,35,37,24,39,14,29,34,15,28,154
IsleofMan,20,115933,28258,37068,32,28,4,17,22,53,61,0,95,100,25,63,34,87,23,35,37,24,39,14,29,34,15,28,154
IsleofMan,25,115933,27518,34574,32,28,4,17,22,53,61,0,95,100,24,63,34,87,23,35,37,24,39,14,28,34,15,28,154
IsleofMan,30,115933,26434,32099,32,27,4,17,21,52,61,0,94,100,24,63,34,86,22,35,36,24,39,14,28,34,15,28,154
IsleofMan,50,115933,20557,20951,29,24,3,17,18,50,54,0,89,96,24,62,29,79,21,33,32,23,39,14,25,34,15,28,150
IsleofMan,75,115933,9596,9226,16,11,1,12,9,38,37,0,49,80,21,55,22,58,12,25,21,15,34,12,18,30,14,24,137
Israel,0,2215884,2215884,2215884,200,173,53,151,205,239,116,128,191,196,1272,147,324,470,176,230,388,92,142,144,134,217,893,804,1246
Israel,10,2215884,49530,40673,166,125,36,92,156,159,61,79,116,116,1146,62,82,220,78,97,164,62,76,67,52,115,101,105,400
Israel,15,2215884,42384,35837,160,118,34,80,149,147,55,73,108,107,1121,59,72,191,70,90,147,56,73,63,46,108,91,86,369
Israel,20,2215884,39421,34667,154,115,33,74,142,136,52,68,100,98,1099,54,68,177,65,83,135,53,68,60,42,102,84,79,340
Israel,25,2215884,32882,30885,148,112,31,69,139,134,49,66,94,90,1070,51,55,151,57,72,114,47,60,51,34,88,66,66,275
Israel,30,2215884,29485,29087,146,112,30,68,137,132,48,65,93,89,1065,49,46,122,51,65,100,40,54,46,29,80,61,62,218
Israel,50,2215884,18035,14588,108,89,21,34,106,94,30,49,62,59,924,33,23,73,33,42,55,25,32,22,12,40,41,36,100
Israel,75,2215884,7684,8037,56,51,8,10,57,49,10,22,25,22,610,14,4,11,8,13,9,10,13,8,5,14,17,16,25
Italy,0,30073304,30073304,30073304,10754,11651,4114,18948,11880,10097,12727,16575,15948,16541,12259,23423,20504,25556,18991,32990,47242,45807,66598,33806,36230,36614,54531,40563,38505
Italy,10,30073304,10447875,10335328,10117,11146,3751,17719,11179,9284,11898,15582,15110,16007,11662,22020,16572,20918,15095,26337,37146,40252,60882,29152,29754,30015,46547,34472,30923
Italy,15,30073304,10151458,9907632,10013,11061,3700,17515,11069,9135,11788,15404,15001,15927,11590,21873,16393,20716,14902,26037,36554,39932,60602,28951,29468,29720,46178,34177,30581
Italy,20,30073304,9988357,9838391,9965,11013,3675,17407,11005,9062,11720,15317,14926,15879,11546,21777,16196,20520,14714,25727,35966,39665,60371,28759,29189,29456,45858,33907,30286
Italy,25,30073304,9701201,9680206,9910,10964,3641,17294,10932,8976,11636,15203,14841,15831,11487,21622,15881,20220,14421,25292,35128,39295,60062,28533,28803,29109,45408,33526,29857
Italy,30,30073304,9317985,9436183,9871,10932,3613,17222,10893,8901,11589,15149,14792,15804,11447,21487,15523,19832,14124,24718,34092,38840,59702,28245,28263,28676,44862,33082,29315
Italy,50,30073304,8381457,8158693,9070,10195,3187,15931,9989,7955,10776,14096,13862,15249,10862,20263,13987,18335,12921,22674,30219,36525,57729,26902,26067,26747,42711,31359,27315
Italy,75,30073304,6479335,5926880,7221,8502,2303,12833,7714,5950,8715,11230,11336,13469,9332,17665,10520,14810,10442,18337,22937,29996,49742,22672,20999,21877,36126,26060,22233
Jamaica,0,1099988,1099988,1099988,1281,1709,1076,4006,7677,2884,1305,2076,3638,2404,2436,2686,1529,3277,3134,2218,2497,2548,2649,2484,1709,1335,2448,2220,21984
Jamaica,10,1099988,808502,778929,1255,1664,1045,3933,7625,2830,1281,2045,3575,2379,2402,2626,1364,2914,2959,2042,2273,2308,2375,2242,1533,1171,2059,1897,21330
Jamaica,15,1099988,794385,774600,1253,1660,1041,3925,7616,2822,1278,2041,3565,2376,2399,2619,1355,2892,2940,2024,2246,2283,2345,2217,1517,1158,2029,1869,21272
Jamaica,20,1099988,784803,771311,1251,1655,1037,3917,7609,2812,1274,2036,3556,2372,2394,2613,1344,2872,2927,2010,2227,2264,2323,2197,1505,1148,2007,1850,21234
Jamaica,25,1099988,777740,766836,1249,1651,1034,3909,7603,2807,1273,2032,3548,2369,2390,2610,1337,2859,2918,2003,2215,2249,2309,2185,1497,1142,1991,1836,21205
Jamaica,30,1099988,768452,755071,1246,1648,1029,3901,7598,2798,1270,2027,3538,2365,2385,2604,1328,2838,2903,1992,2200,2233,2292,2170,1485,1133,1971,1818,21170
Jamaica,50,1099988,729829,698114,1202,1578,973,3795,7489,2700,1229,1965,3435,2309,2330,2555,1275,2721,2828,1934,2120,2143,2200,2086,1427,1085,1872,1724,21008
Jamaica,75,1099988,654511,606367,1070,1365,818,3436,7086,2390,1078,1774,3078,2120,2141,2372,1150,2397,2570,1756,1889,1916,1929,1846,1263,960,1640,1485,20399
Japan,0,37240283,37240283,37240283,24635,26632,20038,38142,36934,39725,46282,41494,41479,36314,36474,46782,24392,29761,32325,57601,49440,52141,52972,49576,49825,55492,52881,55872,55370
Japan,10,37240283,27277218,27044770,24158,26291,19843,37556,36551,39180,45772,41015,41059,35885,36100,45946,23426,28429,31354,55475,47992,50854,51707,48355,48746,54169,51024,54283,53866
Japan,15,37240283,26886513,26700533,24079,26234,19809,37470,36490,39102,45701,40947,40993,35830,36039,45833,23364,28349,31287,55325,47870,50743,51606,48265,48648,54043,50879,54143,53729
Japan,20,37240283,26733811,26628838,24032,26199,19783,37391,36444,39042,45650,40898,40950,35789,36001,45746,23324,28295,31244,55232,47798,50676,51540,48209,48594,53972,50803,54064,53656
Japan,25,37240283,26559171,26473784,23996,26171,19762,37341,36408,39001,45612,40864,40922,35763,35976,45707,23289,28248,31204,55135,47726,50609,51476,48155,48542,53900,50730,53987,53584
Japan,30,37240283,26387219,26256094,23977,26154,19747,37312,36385,38975,45586,40839,40895,35745,35955,45672,23234,28176,31145,54994,47613,50507,51381,48058,48455,53789,50608,53862,53468
Japan,50,37240283,25597479,25204557,23440,25728,19468,36690,35924,38465,45098,40376,40450,35390,35595,45145,22909,27743,30744,54138,46887,49854,50791,47518,47909,53110,49907,53130,52765
Japan,75,37240283,23385489,22140343,21129,23586,18069,33975,33815,36224,42715,38181,38215,33684,33953,42650,21470,25745,28815,50377,43651,46722,47891,44852,45271,50052,46820,50005,49591
Jersey,0,25025,25025,25025,8,2,0,3,0,0,0,5,3,15,6,14,3,6,0,0,5,0,0,1,4,0,0,18,7
Jersey,10,25025,4188,4385,7,2,0,2,0,0,0,4,3,15,6,13,1,1,0,0,4,0,0,1,4,0,0,17,5
Jersey,15,25025,3669,3926,7,2,0,2,0,0,0,4,3,15,6,13,1,1,0,0,3,0,0,1,3,0,0,17,5
Jersey,20,25025,3508,3857,7,2,0,2,0,0,0,4,3,15,6,13,1,1,0,0,3,0,0,1,3,0,0,17,5
Jersey,25,25025,3329,3690,7,2,0,2,0,0,0,4,3,15,6,13,1,1,0,0,3,0,0,0,3,0,0,16,5
Jersey,30,25025,3100,3479,7,2,0,2,0,0,0,4,3,15,6,13,1,1,0,0,3,0,0,0,3,0,0,16,5
Jersey,50,25025,2474,2525,7,2,0,2,0,0,0,3,2,14,6,13,1,0,0,0,2,0,0,0,3,0,0,14,4
Jersey,75,25025,1270,1222,7,1,0,2,0,0,0,2,2,13,6,13,1,0,0,0,1,0,0,0,2,0,0,8,1
Jordan,0,8919385,8919385,8919385,1,2,2,3,0,1,1,4,1,2,2,2,7,2,2,0,1,0,2,1,0,1,25,32,39
Jordan,10,8919385,3838,3574,1,0,0,2,0,1,0,0,0,0,0,0,0,1,1,0,1,0,1,0,0,0,1,3,7
Jordan,15,8919385,3336,3241,1,0,0,2,0,1,0,0,0,0,0,0,0,1,1,0,1,0,1,0,0,0,1,2,7
Jordan,20,8919385,3187,3177,1,0,0,2,0,1,0,0,0,0,0,0,0,1,1,0,1,0,1,0,0,0,0,2,7
Jordan,25,8919385,2429,2848,1,0,0,2,0,1,0,0,0,0,0,0,0,1,0,0,1,0,1,0,0,0,0,1,5
Jordan,30,8919385,2271,2767,1,0,0,2,0,1,0,0,0,0,0,0,0,1,0,0,1,0,1,0,0,0,0,1,5
Jordan,50,8919385,1531,960,0,0,0,1,0,0,0,0,0,0,0,0,0,0,0,0,1,0,0,0,0,0,0,1,3
Jordan,75,8919385,457,409,0,0,0,0,0,0,0,0,0,0,0,0,0,0,0,0,0,0,0,0,0,0,0,0,0
Kazakhstan,0,273052718,273052718,273052718,9399,5837,6482,12041,5497,5983,8830,6377,7932,4163,6952,4923,4375,845,198,1624,1374,1492,1576,2708,1072,6113,65212,7425,10113
Kazakhstan,10,273052718,5904022,5876951,5457,3500,3628,6277,3610,3817,5465,5137,6889,3304,5815,4093,3256,655,187,1424,1149,1251,1404,2125,806,4845,34241,5336,7124
Kazakhstan,15,273052718,5141874,5162127,4788,3116,3447,5809,3346,3403,5015,4854,6650,3212,5514,3937,3194,643,185,1401,1112,1230,1377,2076,783,4560,31082,4888,6402
Kazakhstan,20,273052718,4837353,5061440,4682,3041,3394,5630,3221,3225,4696,4648,6524,3170,5104,3876,3132,634,185,1377,1087,1206,1360,2013,766,4313,25986,4311,5784
Kazakhstan,25,273052718,4552735,4786608,4599,2992,3375,5568,3187,3181,4649,4589,6478,3135,4987,3810,3050,623,183,1354,1055,1187,1327,1954,748,4087,23536,3611,4801
Kazakhstan,30,273052718,4240315,4527054,4535,2952,3352,5513,3167,3142,4605,4549,6433,3109,4852,3742,2864,596,181,1289,975,1139,1282,1853,718,3629,20112,2925,3963
Kazakhstan,50,273052718,3155280,3073794,2791,1792,1049,1975,1998,1587,2379,2527,5201,2532,3651,3119,1997,445,162,1007,565,880,1040,1264,572,1849,9382,1444,1897
Kazakhstan,75,273052718,1759705,1555002,1785,1174,476,966,1221,1038,1380,1056,3125,1528,2199,2027,667,231,94,596,184,283,557,336,355,626,3927,499,687
Kenya,0,58598332,58598332,58598332,23089,24930,22022,22233,26367,29170,32475,26988,30049,26815,23100,27328,26622,31439,21282,29967,35337,24752,24388,29372,20464,14175,21372,28911,23132
Kenya,10,58598332,11005196,10722771,22556,24330,20794,21877,22656,26666,31614,25937,27249,26317,22437,25783,23788,26628,20275,28831,33086,23060,22630,27375,18184,12267,18527,24813,19310
Kenya,15,58598332,7584317,7996723,21701,23310,18542,20950,18974,24830,30406,24425,24245,25573,21375,23316,21353,23307,19317,27217,30737,21605,21333,25858,15820,10929,16588,21996,16697
Kenya,20,58598332,4292230,4497651,20064,21377,15068,18534,14608,22178,27815,21165,19841,23894,18846,19609,15951,17827,16950,21858,25190,17969,18115,21673,9957,8080,13073,16671,12390
Kenya,25,58598332,3975173,4103940,19814,21147,14675,18184,14148,21819,27436,20670,19265,23614,18489,19127,15156,16912,16484,20881,24196,17365,17443,20967,9043,7633,12508,15945,11756
Kenya,30,58598332,3319472,3335496,19027,20287,13553,16988,12745,20656,26103,19224,17696,22692,17300,17899,13564,15357,15615,19049,22163,15908,15950,19045,7564,6639,11257,14102,10418
Kenya,50,58598332,1891464,1959162,16211,17631,10607,12941,9344,16719,21373,14237,12812,18997,13312,14031,8843,10043,11426,12505,14865,10538,9651,11891,2857,3303,6838,8031,6281
Kenya,75,58598332,963682,829816,11605,13517,6914,8811,5855,11075,14305,8189,6479,12832,7415,8441,4446,4823,6452,6832,8309,5026,3683,4659,638,954,3041,3662,3256
Kiribati,0,689,689,689,0,0,0,0,0,0,0,0,0,0,0,0,0,0,0,0,0,0,0,0,0,0,0,0,0
Kiribati,10,689,0,0,0,0,0,0,0,0,0,0,0,0,0,0,0,0,0,0,0,0,0,0,0,0,0,0,0
Kiribati,15,689,0,0,0,0,0,0,0,0,0,0,0,0,0,0,0,0,0,0,0,0,0,0,0,0,0,0,0
Kiribati,20,689,0,0,0,0,0,0,0,0,0,0,0,0,0,0,0,0,0,0,0,0,0,0,0,0,0,0,0
Kiribati,25,689,0,0,0,0,0,0,0,0,0,0,0,0,0,0,0,0,0,0,0,0,0,0,0,0,0,0,0
Kiribati,30,689,0,0,0,0,0,0,0,0,0,0,0,0,0,0,0,0,0,0,0,0,0,0,0,0,0,0,0
Kiribati,50,689,0,0,0,0,0,0,0,0,0,0,0,0,0,0,0,0,0,0,0,0,0,0,0,0,0,0,0
Kiribati,75,689,0,0,0,0,0,0,0,0,0,0,0,0,0,0,0,0,0,0,0,0,0,0,0,0,0,0,0
Kosovo,0,1083659,1083659,1083659,1132,222,269,584,324,533,843,1167,809,491,821,1899,869,828,533,985,755,637,765,1059,565,878,1815,1161,1544
Kosovo,10,1083659,418415,365339,1127,218,263,576,315,524,819,1149,788,472,807,1810,805,780,487,934,652,605,714,996,530,811,1563,854,1176
Kosovo,15,1083659,397277,350328,1125,217,262,574,315,523,816,1147,784,470,806,1784,793,771,479,926,640,601,707,986,526,800,1514,808,1113
Kosovo,20,1083659,390708,344068,1124,216,262,574,314,522,815,1146,782,470,804,1771,788,768,477,923,637,600,704,984,525,797,1505,800,1097
Kosovo,25,1083659,383727,335758,1123,215,262,573,314,521,813,1144,779,469,803,1758,781,766,475,921,634,598,703,980,524,793,1497,793,1084
Kosovo,30,1083659,369938,322538,1122,215,261,573,314,520,811,1143,777,468,802,1737,768,761,471,912,624,594,697,971,520,785,1465,772,1045
Kosovo,50,1083659,334394,274264,1107,213,257,567,306,502,790,1119,765,461,793,1596,712,733,459,887,601,580,680,942,505,753,1403,718,956
Kosovo,75,1083659,238566,125857,1025,200,238,537,274,455,707,1006,732,427,748,1356,538,607,375,744,487,483,544,770,418,603,1039,499,650
Kuwait,0,1742837,1742837,1742837,0,0,0,0,0,0,0,0,0,0,0,0,0,0,0,0,0,0,0,0,0,0,0,0,0
Kuwait,10,1742837,0,9,0,0,0,0,0,0,0,0,0,0,0,0,0,0,0,0,0,0,0,0,0,0,0,0,0
Kuwait,15,1742837,0,1,0,0,0,0,0,0,0,0,0,0,0,0,0,0,0,0,0,0,0,0,0,0,0,0,0
Kuwait,20,1742837,0,0,0,0,0,0,0,0,0,0,0,0,0,0,0,0,0,0,0,0,0,0,0,0,0,0,0
Kuwait,25,1742837,0,0,0,0,0,0,0,0,0,0,0,0,0,0,0,0,0,0,0,0,0,0,0,0,0,0,0
Kuwait,30,1742837,0,0,0,0,0,0,0,0,0,0,0,0,0,0,0,0,0,0,0,0,0,0,0,0,0,0,0
Kuwait,50,1742837,0,0,0,0,0,0,0,0,0,0,0,0,0,0,0,0,0,0,0,0,0,0,0,0,0,0,0
Kuwait,75,1742837,0,0,0,0,0,0,0,0,0,0,0,0,0,0,0,0,0,0,0,0,0,0,0,0,0,0,0
Kyrgyzstan,0,19744828,19744828,19744828,689,478,181,306,136,204,186,170,345,330,155,323,165,28,0,16,69,43,17,16,25,43,202,87,68
Kyrgyzstan,10,19744828,1003465,886404,605,325,127,214,91,130,121,120,221,275,116,102,37,16,0,12,59,21,16,12,19,35,143,59,39
Kyrgyzstan,15,19744828,840194,730157,598,317,121,204,88,123,115,116,213,271,115,97,31,16,0,12,58,20,16,12,19,35,127,58,38
Kyrgyzstan,20,19744828,793110,709503,594,313,118,201,86,119,112,114,209,268,113,93,30,15,0,12,57,19,16,12,18,34,120,57,37
Kyrgyzstan,25,19744828,726960,631502,590,308,113,196,83,114,110,110,204,263,112,87,28,14,0,12,57,19,16,12,18,33,102,56,36
Kyrgyzstan,30,19744828,674934,577900,589,305,111,192,82,111,107,107,201,261,112,85,27,14,0,12,56,17,16,12,18,32,94,54,35
Kyrgyzstan,50,19744828,430320,270474,553,253,73,147,60,75,82,80,159,230,99,60,22,10,0,11,47,10,14,11,15,23,38,42,30
Kyrgyzstan,75,19744828,208376,96224,459,144,25,83,30,31,50,41,76,183,74,30,13,2,0,6,31,5,12,6,11,12,14,29,24
Laos,0,22987173,22987173,22987173,38918,59578,90404,66883,69555,127829,137316,83594,151277,171042,137126,159196,228126,268323,307620,418130,381900,323813,403485,386419,344761,347686,483588,380730,250031
Laos,10,22987173,19789402,18652916,37771,57771,88678,65537,68877,124899,134827,81959,147933,168889,133483,151722,212433,251312,291718,396746,358872,303108,375707,366592,326288,329888,456801,359900,236164
Laos,15,22987173,19546131,18396321,37311,57095,88134,65106,68691,124098,134160,81478,147061,168251,132578,150210,209875,248647,289340,393537,355375,300119,371738,363385,323167,327034,452705,356796,234036
Laos,20,22987173,19430345,18286251,37095,56781,87818,64843,68568,123633,133801,81236,146606,167922,132063,149440,208433,246911,287741,391484,353225,298261,369456,361435,321321,325371,450478,355111,232901
Laos,25,22987173,19305573,18132580,36732,56288,87426,64515,68449,123105,133385,80882,146048,167483,131454,148637,207274,245716,286644,390061,351643,296944,367682,359995,319839,324043,448651,353715,231901
Laos,30,22987173,19118849,17931565,36460,55887,87073,64240,68320,122640,132976,80584,145559,167098,130902,147533,205603,243826,284935,387635,349044,294658,364695,357519,317563,321688,445461,351226,230200
Laos,50,22987173,18115314,17007233,34198,52367,83836,61639,66947,118189,129327,78017,141003,163440,125756,140132,192943,227162,267967,364187,325085,274564,339117,337042,299038,303363,422241,333889,218902
Laos,75,22987173,14490377,13681434,27487,40827,66792,49107,57186,95901,108712,65425,117404,142192,105233,111858,142538,161714,196466,263678,229068,193392,237307,247871,219280,221895,319738,253666,168820
Latvia,0,6471001,6471001,6471001,24961,29252,21354,30730,40834,39063,36239,29419,35023,48649,44882,34532,28378,33112,31796,47018,49156,48637,59906,53098,50567,60142,58207,59867,59521
Latvia,10,6471001,3725908,3942317,24943,29217,21339,30691,40782,38976,36184,29359,34968,48578,44786,34354,27927,32447,31045,45386,47545,47316,57946,51032,48869,57755,55208,57255,56192
Latvia,15,6471001,3661866,3830232,24929,29199,21332,30669,40751,38936,36157,29332,34940,48540,44763,34328,27870,32368,30970,45240,47392,47180,57760,50846,48713,57543,54964,57031,55953
Latvia,20,6471001,3628579,3803538,24922,29187,21325,30651,40737,38915,36143,29320,34927,48523,44752,34314,27840,32321,30935,45160,47318,47113,57663,50738,48633,57430,54833,56912,55813
Latvia,25,6471001,3595302,3752540,24918,29182,21323,30646,40729,38906,36138,29315,34922,48516,44747,34303,27810,32271,30894,45068,47224,47034,57557,50619,48542,57309,54685,56783,55668
Latvia,30,6471001,3553508,3690744,24908,29176,21321,30639,40712,38894,36129,29308,34916,48507,44738,34285,27766,32203,30830,44945,47085,46924,57403,50463,48422,57142,54500,56620,55492
Latvia,50,6471001,3321043,3372230,24637,28893,21198,30391,40363,38475,35856,29098,34669,48166,44490,34062,27342,31597,30295,43990,46000,45866,56250,49295,47542,55928,53265,55463,54251
Latvia,75,6471001,2612534,2479626,22713,26352,19925,28364,37656,35533,33669,27411,32610,45459,42388,32461,24332,27855,26784,38258,39803,40002,48806,42415,41657,48843,46023,48279,47147
Lebanon,0,1023806,1023806,1023806,340,117,104,150,368,209,350,508,453,186,237,257,323,263,257,446,604,516,642,854,1190,1131,1345,1201,951
Lebanon,10,1023806,94451,75207,313,94,90,121,324,164,295,424,364,130,163,196,210,193,206,333,386,342,473,598,828,740,678,657,458
Lebanon,15,1023806,82553,68692,309,90,88,118,318,160,289,415,358,126,155,188,192,185,198,316,360,316,449,557,783,695,629,612,426
Lebanon,20,1023806,77791,67167,305,86,86,112,310,155,281,405,349,120,146,179,182,176,190,302,337,295,427,531,752,666,591,577,401
Lebanon,25,1023806,70889,60351,300,82,84,110,301,151,274,396,342,116,141,174,170,168,181,284,313,273,408,502,712,622,552,541,372
Lebanon,30,1023806,65236,57764,299,81,84,109,300,149,273,394,340,115,139,170,160,160,174,266,288,256,390,473,673,585,523,508,347
Lebanon,50,1023806,44021,34553,259,55,65,79,239,112,217,331,290,90,107,129,106,119,129,179,188,176,277,344,493,396,342,344,232
Lebanon,75,1023806,19096,16082,170,28,33,37,129,56,121,213,183,42,61,75,41,51,59,76,74,71,123,147,271,186,147,141,95
Lesotho,0,3054529,3054529,3054529,10,17,14,20,16,12,14,21,17,14,27,17,70,105,3,104,22,33,28,43,40,22,4,14,118
Lesotho,10,3054529,111555,380764,8,11,12,16,12,9,12,16,11,8,12,11,26,38,2,46,15,18,20,28,27,10,3,8,27
Lesotho,15,3054529,62337,181109,6,10,11,15,10,8,11,14,9,7,10,9,22,34,2,43,14,16,19,27,26,9,3,6,21
Lesotho,20,3054529,14389,31681,3,5,5,8,4,4,6,9,6,5,5,6,11,21,1,26,10,11,13,20,20,6,2,3,10
Lesotho,25,3054529,11303,19345,2,4,4,8,3,3,5,8,5,5,5,5,11,18,1,23,9,10,12,19,20,5,2,3,9
Lesotho,30,3054529,6052,10579,1,3,2,4,2,2,3,6,4,4,3,3,7,12,1,15,8,8,10,16,17,4,1,2,6
Lesotho,50,3054529,522,954,0,1,0,1,0,1,1,2,1,1,1,1,1,2,1,2,2,1,2,3,4,1,0,1,1
Lesotho,75,3054529,24,10,0,0,0,0,0,0,0,0,0,0,0,0,0,0,0,0,0,0,0,0,0,0,0,0,0
Liberia,0,9591805,9591805,9591805,29261,57099,21744,6250,11356,36413,44486,36378,75345,20417,34558,72409,156746,165812,187096,169715,204654,206722,172965,221494,130714,153350,156499,168123,147414
Liberia,10,9591805,9541832,9529741,29261,57098,21743,6250,11356,36411,44484,36377,75342,20416,34554,72388,156675,165693,187002,169614,204577,206629,172901,221409,130639,153282,156430,168066,147360
Liberia,15,9591805,9518519,9500725,29256,57091,21729,6248,11355,36397,44465,36357,75320,20413,34547,72362,156575,165549,186896,169509,204481,206489,172806,221289,130578,153197,156348,167981,147264
Liberia,20,9591805,9446140,9407685,29236,57059,21679,6242,11346,36331,44395,36277,75250,20392,34509,72270,156191,164977,186591,169192,204082,205901,172402,220860,130297,152779,155926,167448,146698
Liberia,25,9591805,9433514,9388623,29228,57047,21667,6241,11341,36316,44374,36257,75232,20388,34498,72244,156079,164826,186500,169099,203961,205751,172298,220743,130224,152672,155818,167288,146575
Liberia,30,9591805,9384718,9283501,29186,56985,21605,6234,11324,36221,44282,36173,75136,20358,34444,72114,155536,164049,186010,168586,203293,204932,171766,220122,129838,152104,155263,166499,145881
Liberia,50,9591805,9055172,8405576,28552,55818,21002,6117,11016,35085,43106,35143,73699,19941,33662,70149,147977,155474,178902,160771,193876,195545,164067,210198,125035,145225,149144,159257,139198
Liberia,75,9591805,3611674,3038239,14436,24283,8747,2474,3880,12620,15871,11329,27866,9211,11392,18473,18402,20223,26844,19737,25746,24472,22764,26978,21863,25769,28113,32517,30629
Libya,0,161606957,161606957,161606957,46,172,80,60,57,87,27,28,33,24,39,94,633,276,9,6,42,12,4,2,4,0,844,309,189
Libya,10,161606957,24333,12102,27,74,40,23,32,26,8,10,10,13,17,8,151,28,2,3,26,5,3,1,1,0,153,82,20
Libya,15,161606957,15770,8352,20,48,30,16,25,20,6,8,8,11,13,7,126,18,1,2,19,5,3,1,1,0,116,65,13
Libya,20,161606957,13900,7366,18,41,27,12,23,17,6,6,6,10,11,6,115,15,1,2,16,4,3,1,1,0,102,59,12
Libya,25,161606957,7320,4916,17,41,26,11,23,17,5,6,6,10,10,5,84,4,0,1,11,3,2,1,1,0,71,43,8
Libya,30,161606957,6833,4527,17,40,25,10,22,16,4,6,6,9,9,5,81,4,0,1,10,3,2,1,1,0,68,41,7
Libya,50,161606957,1803,392,7,17,10,4,7,7,1,1,2,3,3,1,28,1,0,0,4,1,1,1,0,0,28,19,1
Libya,75,161606957,248,105,2,3,3,1,2,1,0,0,1,0,1,0,3,0,0,0,1,0,0,0,0,0,3,4,0
Liechtenstein,0,15947,15947,15947,3,0,0,10,6,11,8,8,5,3,2,4,3,3,1,4,4,6,12,3,1,2,1,6,5
Liechtenstein,10,15947,9811,9494,3,0,0,10,6,11,8,8,4,3,2,4,2,3,1,4,4,6,12,3,1,2,1,6,5
Liechtenstein,15,15947,9401,9139,3,0,0,10,6,11,8,8,4,3,2,4,2,3,1,4,4,6,12,3,1,2,1,6,5
Liechtenstein,20,15947,9278,9094,3,0,0,10,6,11,8,8,4,3,2,4,2,3,1,4,4,6,12,3,1,2,1,6,5
Liechtenstein,25,15947,9140,8915,3,0,0,10,6,11,8,8,4,3,2,4,2,3,1,4,4,6,12,3,1,2,1,6,5
Liechtenstein,30,15947,8942,8761,3,0,0,9,6,11,8,8,4,3,2,4,2,3,1,4,4,6,12,3,1,2,1,6,5
Liechtenstein,50,15947,8078,7735,3,0,0,9,5,11,8,8,4,3,2,4,2,3,1,4,4,6,11,3,1,2,1,6,4
Liechtenstein,75,15947,6119,5806,3,0,0,8,5,10,8,8,3,3,2,3,2,2,1,4,3,6,11,3,1,2,1,6,4
Lithuania,0,6501663,6501663,6501663,7997,10397,8947,13188,20473,17550,16143,15343,14486,21780,21864,17787,14284,16731,16750,27663,27974,21231,27088,24934,23863,25476,26670,23669,31595
Lithuania,10,6501663,2448740,2577159,7988,10382,8938,13163,20438,17505,16099,15265,14453,21726,21796,17658,14006,16112,15952,25929,26173,19930,24883,23268,22846,23998,25038,22542,29923
Lithuania,15,6501663,2408943,2494670,7970,10358,8923,13121,20403,17468,16054,15221,14421,21687,21759,17632,13981,16065,15900,25787,26048,19865,24769,23165,22772,23909,24937,22459,29785
Lithuania,20,6501663,2389065,2478415,7966,10351,8919,13110,20392,17457,16045,15212,14412,21675,21748,17621,13966,16044,15875,25725,25987,19837,24716,23113,22737,23868,24890,22422,29717
Lithuania,25,6501663,2367923,2445365,7965,10350,8917,13107,20389,17454,16042,15208,14410,21673,21744,17613,13950,16019,15846,25646,25919,19804,24655,23057,22699,23817,24834,22378,29642
Lithuania,30,6501663,2336224,2409460,7962,10345,8916,13101,20385,17450,16037,15203,14408,21667,21735,17603,13923,15972,15794,25532,25804,19750,24565,22971,22634,23739,24750,22314,29532
Lithuania,50,6501663,2178845,2192697,7839,10194,8824,12876,20164,17237,15831,15015,14295,21491,21574,17454,13596,15503,15423,24600,24835,19232,23863,22298,22075,23177,24108,21741,28687
Lithuania,75,6501663,1648221,1446657,7068,8948,8033,11638,18048,15742,14350,13667,13185,19793,19890,16166,11621,13052,13165,20079,20160,15998,19993,18454,18615,19710,20040,18408,23945
Luxembourg,0,258158,258158,258158,75,94,106,320,70,375,507,995,220,885,453,449,364,451,353,619,549,521,554,750,1094,354,947,624,418
Luxembourg,10,258158,106224,109549,70,91,104,313,69,368,504,987,217,882,450,446,350,432,330,526,421,463,515,662,1060,325,919,592,392
Luxembourg,15,258158,104336,106726,69,91,104,313,68,367,503,986,217,882,449,445,349,432,329,524,418,461,513,659,1059,324,917,591,391
Luxembourg,20,258158,103507,106116,69,91,104,312,68,367,502,986,217,881,449,445,349,431,328,523,416,460,512,658,1057,323,916,590,390
Luxembourg,25,258158,102680,104960,69,91,104,312,68,366,502,985,217,881,448,444,348,430,328,522,415,459,511,656,1056,322,915,589,389
Luxembourg,30,258158,101328,103464,69,91,103,311,68,366,502,984,216,881,448,444,348,430,327,521,413,458,509,655,1055,321,913,588,388
Luxembourg,50,258158,96725,96536,65,88,102,306,66,358,495,973,213,874,445,442,343,423,323,508,396,446,497,640,1042,313,900,577,380
Luxembourg,75,258158,81753,80550,48,76,86,262,55,310,456,871,195,815,420,424,318,388,295,456,338,389,439,572,972,279,830,533,340
Madagascar,0,59144703,59144703,59144703,91546,104076,110554,94071,110165,100123,209052,141586,154306,125969,170224,139729,323303,456014,327788,416210,563730,399336,280487,266295,266671,287759,338580,262145,301998
Madagascar,10,59144703,33190884,32119830,91391,103516,110092,93658,109687,99524,208614,141075,153915,125609,169926,138863,319483,450211,324167,413095,558246,396361,277675,263088,262835,284030,333379,258335,296735
Madagascar,15,59144703,26503410,26648190,90617,101134,107317,91663,107087,95389,206149,138284,151297,123307,168714,137285,316427,445329,321165,409201,551602,392367,274711,260068,258965,280217,329268,254786,291584
Madagascar,20,59144703,19454926,19546826,88766,94453,94919,86334,99563,80916,197103,130193,142765,114146,165434,131969,306786,428441,310255,394900,528782,378020,263463,249673,245656,267034,315066,241661,275518
Madagascar,25,59144703,18656019,18510950,88342,93096,92242,85204,98042,78378,195068,128550,141151,112303,164622,131009,304794,424896,307891,391847,523780,374981,260959,247310,242676,264213,311869,238901,271986
Madagascar,30,59144703,17141084,16436354,86957,89318,84248,81845,93628,71034,188580,123502,136537,107219,162323,128468,299350,416682,301789,383656,510357,366620,254243,241112,234880,256380,303191,231219,262864
Madagascar,50,59144703,12241379,11904520,77606,77814,66890,71174,77344,49819,156678,102096,117029,91190,146202,111113,253480,320150,245544,317199,401749,297401,197933,195677,179393,199608,244220,179135,206551
Madagascar,75,59144703,5863680,6389035,48035,48835,34572,42627,41009,20144,86980,47604,66562,42464,91338,53452,109788,128317,92945,121091,152276,129860,77776,82670,62580,68543,102943,72970,105408
Malawi,0,11792702,11792702,11792702,4629,6502,11704,10448,18718,9007,12940,17412,7144,7124,15387,16924,18742,27988,16990,21619,26210,25028,17965,26059,28509,23589,36565,32934,33517
Malawi,10,11792702,7082317,6915475,4607,6462,11621,10375,18524,8955,12846,17263,7077,7072,15207,16645,17675,27021,16426,21011,25315,24274,17552,25347,27547,22949,35483,31270,32042
Malawi,15,11792702,4911810,4630830,4289,6092,10947,9648,17226,8473,11995,16098,6603,6597,14091,16021,16457,26080,15842,20193,23997,23309,17003,24366,26220,22015,33790,28924,29842
Malawi,20,11792702,2455942,2357737,3220,4995,8842,7342,12799,6884,9458,12490,5083,5094,10704,13861,12993,22236,13217,16657,19313,19577,14742,20372,21355,18641,28101,22048,23015
Malawi,25,11792702,2212213,2224021,3075,4830,8487,6989,12134,6630,9090,11902,4846,4853,10217,13462,12451,21474,12684,15957,18490,18812,14258,19548,20408,17933,27032,20954,21905
Malawi,30,11792702,1521028,1471558,2492,4197,7094,5724,9458,5551,7493,9728,4035,3991,8270,12175,10562,18594,10793,13530,15351,15519,12149,16070,16583,14884,22979,17093,17964
Malawi,50,11792702,313336,351794,1326,2552,3237,2783,3862,2912,3632,4514,1705,1760,3990,6579,3854,7331,4371,4983,4626,4375,4073,5318,4764,5260,8378,5430,6392
Malawi,75,11792702,16335,7163,211,319,362,255,408,451,418,602,196,251,516,601,270,394,306,280,291,338,468,276,255,401,569,138,382
Malaysia,0,32957849,32957849,32957849,340506,317066,185861,355588,378541,336210,407411,369846,625267,432318,465087,636531,347149,681620,479777,605731,519315,474513,436182,309999,319630,292453,388772,373201,352370
Malaysia,10,32957849,29801122,29094304,335746,314597,184789,353296,376814,335107,406260,368722,623759,431362,463660,630093,335410,651512,458407,571902,488689,443237,400933,273728,282876,253291,317281,291884,272041
Malaysia,15,32957849,29681816,28931116,334913,314131,184562,352917,376496,334935,406084,368583,623557,431234,463513,629537,334797,649843,457221,569952,487052,441599,399217,272200,281226,251674,314534,288968,269327
Malaysia,20,32957849,29598488,28846368,334146,313610,184357,352504,376149,334739,405899,368431,623338,431119,463355,629069,334283,648475,456265,568417,485786,440327,397836,270853,279853,250243,312118,286225,266679
Malaysia,25,32957849,29546108,28749218,333680,313296,184225,352273,375983,334653,405815,368368,623243,431056,463278,628821,333976,647658,455692,567477,485048,439587,397064,270170,279142,249523,310965,285001,265548
Malaysia,30,32957849,29444768,28646289,332806,312841,184058,352004,375758,334526,405692,368260,623093,430951,463150,628383,333362,646027,454491,565553,483499,438009,395405,268775,277597,248127,308656,282534,263254
Malaysia,50,32957849,28990730,28004285,326388,308841,182264,348911,373028,332902,404013,366955,621086,429719,461914,625381,330075,637832,448732,556364,476312,431113,388381,262706,271254,242200,299132,272180,253814
Malaysia,75,32957849,27260509,26372933,298348,285622,169599,329186,353726,320464,390616,356282,604365,419673,453489,609465,312283,598150,419470,511863,441354,396607,351933,233309,239140,213538,255917,228246,212474
Maldives,0,27913,27913,27913,7,9,4,7,8,12,8,12,9,9,19,7,5,4,0,0,0,0,0,0,0,0,27,30,17
Maldives,10,27913,5826,3978,5,5,2,2,4,4,6,7,5,3,11,3,4,3,0,0,0,0,0,0,0,0,15,20,12
Maldives,15,27913,5744,3198,5,5,2,2,4,4,6,7,5,3,11,3,4,3,0,0,0,0,0,0,0,0,15,20,12
Maldives,20,27913,5637,2917,5,5,2,2,4,4,6,7,5,3,11,2,4,3,0,0,0,0,0,0,0,0,15,20,12
Maldives,25,27913,5607,2856,5,5,2,2,4,4,6,7,5,3,11,2,4,3,0,0,0,0,0,0,0,0,15,20,12
Maldives,30,27913,5570,2787,5,5,2,2,4,4,6,7,5,3,11,2,4,3,0,0,0,0,0,0,0,0,14,19,12
Maldives,50,27913,4495,2312,5,4,2,2,3,4,6,7,5,3,10,2,4,3,0,0,0,0,0,0,0,0,13,18,11
Maldives,75,27913,2038,2003,4,4,2,2,3,3,5,6,5,2,8,2,2,3,0,0,0,0,0,0,0,0,7,9,5
Mali,0,125119431,125119431,125119431,5420,7850,1985,21012,12652,22403,15618,16147,16411,5712,27415,19535,29119,22634,16798,14079,30544,27544,28048,18012,19243,22931,37569,34623,44958
Mali,10,125119431,8187022,7102150,4941,7036,1849,19927,12000,21361,14577,15357,15789,5510,26373,18217,25135,19530,15517,13387,28624,26444,26706,17053,18132,21282,28350,26641,34837
Mali,15,125119431,1806919,1938356,1711,1989,416,7279,3734,6694,3749,4373,5653,1753,9063,4867,13865,10083,8699,7686,15984,15266,14548,9189,9596,10214,12949,11175,13394
Mali,20,125119431,151535,218619,592,429,83,1211,476,677,674,490,792,268,823,492,2161,1295,922,950,1812,1478,1319,862,849,922,1423,1123,1202
Mali,25,125119431,101105,176149,495,322,65,712,289,404,427,303,522,182,507,311,1583,922,650,681,1286,1022,899,593,586,630,1033,791,872
Mali,30,125119431,25098,49160,348,175,34,153,83,104,125,106,158,54,166,79,410,270,204,205,332,299,211,149,130,159,316,237,307
Mali,50,125119431,390,430,166,63,11,33,12,5,15,20,20,12,20,4,0,0,0,0,0,0,0,0,0,0,0,0,0
Mali,75,125119431,47,0,22,9,1,2,2,0,2,2,2,1,3,1,0,0,0,0,0,0,0,0,0,0,0,0,0
Malta,0,32336,32336,32336,1,3,0,4,1,1,1,1,2,1,2,1,2,1,0,0,0,0,0,0,0,0,1,1,0
Malta,10,32336,174,183,1,2,0,3,1,1,1,1,2,1,2,0,0,0,0,0,0,0,0,0,0,0,0,0,0
Malta,15,32336,149,149,1,2,0,3,0,1,1,1,2,1,1,0,0,0,0,0,0,0,0,0,0,0,0,0,0
Malta,20,32336,139,145,1,2,0,3,0,1,1,1,2,1,1,0,0,0,0,0,0,0,0,0,0,0,0,0,0
Malta,25,32336,128,131,1,2,0,3,0,1,1,1,2,1,1,0,0,0,0,0,0,0,0,0,0,0,0,0,0
Malta,30,32336,117,116,1,2,0,3,0,1,1,1,2,1,1,0,0,0,0,0,0,0,0,0,0,0,0,0,0
Malta,50,32336,85,54,1,2,0,2,0,1,1,1,1,0,1,0,0,0,0,0,0,0,0,0,0,0,0,0,0
Malta,75,32336,46,18,1,1,0,2,0,0,1,1,1,0,1,0,0,0,0,0,0,0,0,0,0,0,0,0,0
Martinique,0,111789,111789,111789,198,52,295,174,215,95,160,296,208,78,159,330,217,213,47,36,169,77,86,89,62,44,170,90,122
Martinique,10,111789,79063,79304,194,49,291,169,208,92,157,283,202,76,155,313,156,165,33,28,124,54,63,67,46,35,115,63,84
Martinique,15,111789,77287,78932,194,49,290,168,206,92,157,281,201,76,154,311,153,162,32,27,122,53,62,67,45,34,112,61,82
Martinique,20,111789,76257,78499,193,49,290,168,206,91,156,280,201,76,154,311,150,160,32,27,119,52,62,66,45,33,109,59,81
Martinique,25,111789,75485,78282,193,49,289,168,205,91,156,280,200,76,154,310,148,159,32,26,117,52,61,65,44,33,107,58,80
Martinique,30,111789,74650,77224,193,49,289,167,205,91,156,278,199,75,153,308,146,157,32,26,116,51,61,65,44,33,106,57,79
Martinique,50,111789,70992,69963,188,48,284,162,198,88,153,270,195,73,150,298,134,143,28,23,107,48,57,62,40,30,93,51,72
Martinique,75,111789,62863,60819,172,42,263,146,172,77,140,237,174,67,134,264,86,97,17,13,61,33,40,49,24,21,52,30,48
Mauritania,0,104116934,104116934,104116934,42,2,7,7,2,1,1,1,1,1,1,23,183,219,17,0,1,22,29,61,59,84,80,51,19
Mauritania,10,104116934,65,623,38,0,5,3,0,0,0,0,0,0,0,0,0,0,0,0,0,0,0,0,0,1,1,0,0
Mauritania,15,104116934,42,59,36,0,3,2,0,0,0,0,0,0,0,0,0,0,0,0,0,0,0,0,0,0,0,0,0
Mauritania,20,104116934,36,7,34,0,1,0,0,0,0,0,0,0,0,0,0,0,0,0,0,0,0,0,0,0,0,0,0
Mauritania,25,104116934,36,4,34,0,1,0,0,0,0,0,0,0,0,0,0,0,0,0,0,0,0,0,0,0,0,0,0
Mauritania,30,104116934,33,1,32,0,1,0,0,0,0,0,0,0,0,0,0,0,0,0,0,0,0,0,0,0,0,0,0
Mauritania,50,104116934,16,0,15,0,1,0,0,0,0,0,0,0,0,0,0,0,0,0,0,0,0,0,0,0,0,0,0
Mauritania,75,104116934,0,0,0,0,0,0,0,0,0,0,0,0,0,0,0,0,0,0,0,0,0,0,0,0,0,0,0
Mauritius,0,191370,191370,191370,161,160,135,361,184,155,142,204,278,26,621,213,1081,1168,0,0,0,0,0,0,0,0,0,0,84
Mauritius,10,191370,148744,158482,160,160,135,360,184,154,142,203,277,26,613,202,929,1075,0,0,0,0,0,0,0,0,0,0,75
Mauritius,15,191370,136551,147106,160,159,133,356,182,153,141,202,274,25,601,197,854,1019,0,0,0,0,0,0,0,0,0,0,70
Mauritius,20,191370,89082,109023,158,157,127,345,179,147,137,196,258,24,541,169,408,684,0,0,0,0,0,0,0,0,0,0,46
Mauritius,25,191370,83480,103170,158,157,125,341,178,146,136,194,255,24,528,164,346,634,0,0,0,0,0,0,0,0,0,0,42
Mauritius,30,191370,71308,89167,157,154,120,329,174,142,132,189,242,23,487,152,219,532,0,0,0,0,0,0,0,0,0,0,34
Mauritius,50,191370,50860,55372,149,142,101,275,152,119,117,168,197,21,356,130,89,324,0,0,0,0,0,0,0,0,0,0,20
Mauritius,75,191370,29250,35745,115,105,49,167,88,67,64,111,107,14,146,94,38,103,0,0,0,0,0,0,0,0,0,0,2
Mayotte,0,39165,39165,39165,33,21,32,5,35,42,20,44,6,32,2,135,339,1191,19,86,46,76,36,172,66,75,55,1230,1036
Mayotte,10,39165,35376,35645,33,21,32,5,35,42,20,44,6,32,2,135,337,1183,19,85,46,75,36,172,65,74,55,1209,1027
Mayotte,15,39165,35140,35131,33,21,32,5,35,42,20,43,6,32,2,135,336,1180,19,85,45,75,35,171,65,74,55,1200,1023
Mayotte,20,39165,34222,34274,32,21,31,5,35,42,20,43,6,32,2,133,331,1165,18,84,45,74,35,168,64,74,54,1173,1011
Mayotte,25,39165,33980,33984,32,21,31,5,35,42,20,43,6,32,2,132,330,1160,18,84,44,73,35,168,64,73,54,1168,1007
Mayotte,30,39165,33577,33446,31,21,31,5,34,42,20,43,6,32,2,131,328,1150,18,83,44,73,35,167,64,73,54,1159,1001
Mayotte,50,39165,30547,30197,31,21,29,4,32,41,20,41,6,31,2,122,298,1038,16,79,42,68,33,159,58,70,51,1116,941
Mayotte,75,39165,18865,19958,21,16,20,2,21,27,15,32,4,19,0,70,157,488,8,41,27,51,23,113,36,43,24,895,590
Micronesia,0,10267,10267,10267,0,0,0,0,0,0,0,0,0,151,0,0,0,0,0,0,0,0,0,0,0,0,0,0,0
Micronesia,10,10267,6460,6340,0,0,0,0,0,0,0,0,0,77,0,0,0,0,0,0,0,0,0,0,0,0,0,0,0
Micronesia,15,10267,6383,6259,0,0,0,0,0,0,0,0,0,77,0,0,0,0,0,0,0,0,0,0,0,0,0,0,0
Micronesia,20,10267,6347,6245,0,0,0,0,0,0,0,0,0,77,0,0,0,0,0,0,0,0,0,0,0,0,0,0,0
Micronesia,25,10267,6333,6233,0,0,0,0,0,0,0,0,0,77,0,0,0,0,0,0,0,0,0,0,0,0,0,0,0
Micronesia,30,10267,6172,6206,0,0,0,0,0,0,0,0,0,77,0,0,0,0,0,0,0,0,0,0,0,0,0,0,0
Micronesia,50,10267,6017,6002,0,0,0,0,0,0,0,0,0,75,0,0,0,0,0,0,0,0,0,0,0,0,0,0,0
Micronesia,75,10267,5613,5641,0,0,0,0,0,0,0,0,0,72,0,0,0,0,0,0,0,0,0,0,0,0,0,0,0
Moldova,0,3390776,3390776,3390776,160,248,115,311,130,194,273,167,225,200,216,1913,216,433,519,970,1248,943,899,1550,1231,1284,1602,2033,2918
Moldova,10,3390776,442584,421541,152,238,106,281,117,180,252,142,200,186,199,1865,183,375,500,862,1124,880,838,1446,1152,1164,1421,1875,2517
Moldova,15,3390776,417387,385793,150,235,103,273,114,176,243,139,195,181,192,1842,180,373,499,854,1117,875,835,1442,1148,1159,1414,1868,2500
Moldova,20,3390776,400116,381823,149,233,101,269,113,176,240,137,192,179,190,1829,179,371,498,848,1112,871,830,1435,1145,1151,1406,1860,2480
Moldova,25,3390776,378190,370481,147,231,101,266,110,174,237,136,189,178,188,1806,176,368,497,842,1104,866,825,1425,1139,1141,1394,1845,2448
Moldova,30,3390776,356004,358422,147,230,101,264,110,173,236,135,188,177,187,1772,167,363,496,833,1092,861,817,1413,1131,1130,1381,1826,2413
Moldova,50,3390776,315729,298904,133,216,93,236,99,165,215,124,169,166,168,1578,153,348,486,793,1044,834,785,1362,1082,1070,1309,1740,2259
Moldova,75,3390776,211928,188663,109,185,79,188,82,148,170,105,135,137,135,1162,117,248,355,542,674,559,504,914,706,666,825,1109,1422
Monaco,0,471,471,471,0,0,0,0,0,0,0,0,0,0,0,0,0,0,0,0,0,0,0,0,0,0,0,0,0
Monaco,10,471,4,4,0,0,0,0,0,0,0,0,0,0,0,0,0,0,0,0,0,0,0,0,0,0,0,0,0
Monaco,15,471,3,3,0,0,0,0,0,0,0,0,0,0,0,0,0,0,0,0,0,0,0,0,0,0,0,0,0
Monaco,20,471,2,3,0,0,0,0,0,0,0,0,0,0,0,0,0,0,0,0,0,0,0,0,0,0,0,0,0
Monaco,25,471,1,1,0,0,0,0,0,0,0,0,0,0,0,0,0,0,0,0,0,0,0,0,0,0,0,0,0
Monaco,30,471,1,1,0,0,0,0,0,0,0,0,0,0,0,0,0,0,0,0,0,0,0,0,0,0,0,0,0
Monaco,50,471,0,0,0,0,0,0,0,0,0,0,0,0,0,0,0,0,0,0,0,0,0,0,0,0,0,0,0
Monaco,75,471,0,0,0,0,0,0,0,0,0,0,0,0,0,0,0,0,0,0,0,0,0,0,0,0,0,0,0
Mongolia,0,156624911,156624911,156624911,24436,23126,51482,68794,9546,17997,52002,67610,89362,11128,5237,60497,1336,898,7681,5834,33793,11364,7253,826,286,184,1182,3614,15907
Mongolia,10,156624911,6150007,5578224,22599,21061,45268,61549,8360,15727,50107,63145,86816,9926,4252,47369,838,674,7454,5007,30018,9980,4804,561,208,132,941,3003,10568
Mongolia,15,156624911,5086882,4650080,21719,19681,41830,57484,7986,14669,49345,60652,84845,9470,3938,41936,746,613,7350,4562,28129,9609,3761,525,201,124,893,2895,9468
Mongolia,20,156624911,4757431,4508472,21386,19440,40171,55634,7789,13882,48765,57820,83420,9120,3782,39355,709,586,7306,4471,27426,9505,3473,511,198,119,877,2847,9037
Mongolia,25,156624911,4465761,4083464,21254,19167,39386,54675,7612,13558,48446,57094,82850,8975,3683,37391,676,560,7235,4323,26675,9395,3261,491,195,114,865,2791,8490
Mongolia,30,156624911,4090459,3552628,21057,18728,38434,53303,7466,13249,48082,56002,81792,8764,3551,34640,629,523,7145,4142,25238,9224,2815,465,187,103,839,2718,7879
Mongolia,50,156624911,1863040,1244276,17444,12494,18137,27855,4822,8096,39247,33460,58739,5280,2052,14001,239,250,5859,2475,10747,6516,883,239,100,53,553,1905,3605
Mongolia,75,156624911,308043,202006,10819,4798,4641,7569,1628,2472,18042,11118,24871,1820,731,4139,42,52,3431,1035,671,583,107,38,11,5,158,556,525
Montenegro,0,1333654,1333654,1333654,894,196,227,960,181,195,1172,1536,595,232,536,1431,2979,1708,224,1220,1701,1926,700,1063,558,1238,1834,744,1094
Montenegro,10,1333654,691853,640528,879,184,213,936,175,183,1092,1464,578,220,516,1325,2559,1510,191,1159,1488,1768,663,1011,527,1200,1727,681,931
Montenegro,15,1333654,667058,617157,872,183,209,928,174,180,1081,1452,573,217,510,1304,2504,1482,190,1150,1437,1736,659,1004,522,1193,1710,672,904
Montenegro,20,1333654,655042,607546,870,181,208,924,174,179,1074,1446,571,216,507,1298,2481,1472,188,1146,1405,1720,657,1000,520,1189,1702,669,892
Montenegro,25,1333654,640161,592423,862,180,204,919,173,177,1059,1434,567,212,497,1281,2448,1456,186,1138,1361,1696,653,995,516,1182,1691,664,871
Montenegro,30,1333654,616459,580137,859,180,204,915,172,176,1052,1429,565,211,494,1259,2401,1438,181,1120,1269,1652,647,983,508,1169,1668,652,836
Montenegro,50,1333654,550258,503022,795,166,178,857,166,158,961,1348,527,195,452,1118,2133,1303,171,1070,917,1496,623,934,481,1104,1596,622,744
Montenegro,75,1333654,419310,328677,638,130,105,648,143,117,661,1085,398,151,364,813,1504,1038,156,940,611,1168,547,797,404,908,1377,548,605
Montserrat,0,10062,10062,10062,7,2,2,8,25,13,12,7,5,113,6,2,1,0,0,7,1,11,5,6,4,1,0,4,0
Montserrat,10,10062,4884,4627,7,2,2,8,24,13,11,7,5,111,6,2,1,0,0,6,0,10,5,3,3,1,0,1,0
Montserrat,15,10062,4780,4603,7,2,2,8,24,13,11,7,5,110,6,2,1,0,0,6,0,10,5,3,3,1,0,1,0
Montserrat,20,10062,4712,4549,7,2,2,8,24,13,10,7,5,110,6,2,1,0,0,6,0,10,5,3,3,1,0,1,0
Montserrat,25,10062,4654,4516,7,2,2,8,24,13,10,7,5,110,6,2,1,0,0,6,0,9,5,2,3,1,0,1,0
Montserrat,30,10062,4583,4415,7,2,2,8,24,13,10,7,5,109,6,2,1,0,0,6,0,9,5,2,3,1,0,1,0
Montserrat,50,10062,4290,3871,7,2,2,8,24,12,10,6,5,107,6,2,1,0,0,6,0,9,5,2,2,0,0,1,0
Montserrat,75,10062,3528,3198,5,2,2,8,23,12,9,6,4,102,6,2,0,0,0,4,0,6,4,2,1,0,0,0,0
Morocco,0,41349154,41349154,41349154,2112,4353,2384,2160,2387,2910,3052,4283,1631,1346,4526,4121,5514,10564,7675,13629,12169,10707,9205,11919,6140,20492,19690,9225,8342
Morocco,10,41349154,1113051,591524,1968,4111,2186,1636,1757,2422,2666,3661,1325,1078,3595,1937,1112,2166,1299,2774,3069,2543,1606,4205,1908,13401,5800,2015,3555
Morocco,15,41349154,891658,527703,1933,4043,2121,1532,1626,2326,2595,3539,1274,1039,3514,1857,1005,1980,1155,2473,2815,2364,1471,3996,1754,12887,5085,1797,3251
Morocco,20,41349154,822649,518481,1898,4004,2088,1470,1574,2270,2560,3467,1219,1003,3465,1795,953,1865,1099,2330,2678,2251,1385,3850,1686,12633,4851,1690,3100
Morocco,25,41349154,722975,422726,1880,3961,2060,1452,1542,2243,2529,3433,1208,994,3428,1755,900,1769,1017,2179,2523,2156,1321,3742,1611,12344,4326,1536,2757
Morocco,30,41349154,648566,405762,1868,3924,2043,1441,1526,2222,2513,3409,1197,988,3392,1690,836,1682,952,2041,2367,2078,1250,3621,1538,12016,4005,1409,2666
Morocco,50,41349154,436048,250765,1398,3026,1409,937,1000,1614,2011,2646,897,772,2744,1293,583,1300,665,1425,1724,1595,948,2969,1166,10251,2882,955,2026
Morocco,75,41349154,210942,131281,780,1596,707,428,464,833,1198,1558,452,482,1749,697,306,694,294,648,834,964,509,1704,636,6863,1647,477,1228
Mozambique,0,78746118,78746118,78746118,76381,138730,106712,146467,198162,217890,184269,269759,283216,247391,187206,177336,222669,259373,234395,319907,491516,237451,312731,312083,378139,329270,376718,424900,337957
Mozambique,10,78746118,70952310,68325856,76307,138520,106557,146266,197929,217732,184065,269453,282896,247118,187043,176629,218791,256870,232069,318212,487237,235807,310423,310067,375387,326945,373109,421553,335114
Mozambique,15,78746118,59496795,57519691,75202,135833,104505,143437,194604,214886,180908,264600,278021,242933,184859,173734,211443,250717,227503,312812,474023,230167,304131,303027,366403,318694,361868,410430,326428
Mozambique,20,78746118,39863334,38682956,68868,121817,92599,126403,174257,195221,160482,235433,248620,219917,168831,157543,185427,224804,204653,282156,413404,200458,270578,267512,321056,277058,310388,354435,286343
Mozambique,25,78746118,37166034,36796773,67121,118492,89869,122457,169159,190180,155651,228572,241418,214002,164645,153812,180400,219345,199511,275385,401394,194217,262810,259893,311768,268449,299576,342586,278379
Mozambique,30,78746118,28920531,26975511,60941,106663,79651,107730,150571,172242,138505,204780,217510,194550,150253,139952,162673,200517,181405,250565,359023,172405,235664,232524,278084,237875,262209,298631,248493
Mozambique,50,78746118,10494127,10327959,32413,52749,39467,47747,70115,87726,66062,103213,110324,100480,82075,72498,86621,112660,99133,140319,182284,83658,114878,112070,137455,116317,119721,132005,121468
Mozambique,75,78746118,341594,728413,2495,2708,1826,1983,3296,4357,3838,6498,6381,6514,5705,4882,4204,3843,3856,6096,9606,2721,3725,2585,2815,3162,2285,2797,2771
Myanmar,0,66929632,66929632,66929632,47211,69563,80754,107008,95456,134780,153254,125031,225208,175839,143859,249250,289878,390730,340669,425040,406909,329500,369284,366278,356724,308431,374514,332617,272905
Myanmar,10,66929632,45085298,43312430,45892,67753,78872,104501,93540,130925,149636,121882,220297,172724,138806,232861,260994,349412,307565,380890,360720,293350,326251,326096,319539,274277,324876,291092,238801
Myanmar,15,66929632,44222727,42354217,45547,67223,78344,103797,93017,129821,148662,121010,218967,171809,137781,230240,256719,343508,303010,374839,354328,288395,320477,320597,314315,269719,318713,286395,234827
Myanmar,20,66929632,43930162,42046579,45355,66919,78039,103381,92720,129169,148116,120556,218266,171292,137256,229006,254676,340777,300913,372238,351705,286380,318194,318358,312199,267868,316295,284288,233163
Myanmar,25,66929632,43580426,41552504,45054,66501,77631,102754,92259,128295,147340,119886,217287,170643,136539,227427,252270,337669,298344,369082,348556,283912,315405,315727,309712,265677,313469,281945,231170
Myanmar,30,66929632,42863361,40919342,44804,66119,77224,102186,91847,127464,146598,119217,216306,169913,135717,225188,248186,331445,293305,362552,341844,278708,309418,310005,304151,260938,307184,276978,226990
Myanmar,50,66929632,39793687,37223903,42344,62065,72737,95856,87217,117617,137944,111842,204580,161505,128115,207731,225984,300048,267558,330841,310080,253658,281018,282945,278037,238172,278398,253977,207576
Myanmar,75,66929632,27445683,25076222,30845,43383,50904,67564,65642,76251,96032,76915,143235,116874,91205,135281,131767,171056,160194,203210,184017,150074,165149,171259,168368,144806,169070,158370,126900
México,0,195108695,195108695,195108695,172355,174424,167818,187048,229335,199448,239479,203731,307002,182822,200978,190804,251660,198955,226504,320451,358304,321411,379260,341860,228659,219056,287774,395143,300571
México,10,195108695,63707066,55857724,162309,162523,155811,174163,212737,184222,223926,188772,287373,170376,190837,179462,228252,179313,206707,286997,316776,284721,342121,311895,202045,189675,241840,346585,244099
México,15,195108695,60299982,54829871,161293,161566,155045,173104,211406,182934,222621,187730,286082,169542,189877,178237,225503,176628,203704,282991,310688,279284,337484,307590,197577,185904,236971,341601,237656
México,20,195108695,57494292,53979262,160217,160692,154273,172037,209970,181742,221359,186613,284519,168655,188885,177045,223004,174293,201244,279596,305949,274854,333812,304408,194355,183364,233053,337736,232932
México,25,195108695,55216444,52469507,159362,159833,153399,170980,208513,180358,220111,185463,282799,167872,187940,176048,221189,172584,199550,277205,302376,271199,330978,302099,191828,181232,230087,334642,228744
México,30,195108695,53168926,50334859,158267,158812,152535,169830,206862,179070,218643,184334,281120,166829,186828,174713,218916,170606,197533,273930,298634,267178,327305,299298,189046,178845,226363,330819,224048
México,50,195108695,42118173,38628614,144708,145657,140204,154214,187028,163644,197938,168004,258704,152098,171907,161192,202824,157368,184877,252896,277513,242116,305874,283184,171688,163817,204658,308657,198313
México,75,195108695,29489721,26618220,115255,118969,109380,119956,143387,131779,152110,134384,207242,123460,140460,131529,161463,123434,151142,199564,221860,184507,246230,237178,132271,128601,160144,258578,148714
Namibia,0,82403983,82403983,82403983,2332,743,1935,979,897,413,1727,637,1440,464,801,657,978,1119,254,215,1339,1153,670,528,1455,855,1901,2349,2346
Namibia,10,82403983,1592589,2476658,1659,539,1427,776,820,366,1539,579,1344,433,721,461,445,495,187,174,1059,954,550,408,1099,677,1108,1146,1117
Namibia,15,82403983,252465,330390,1321,472,1194,600,619,255,994,412,980,315,540,282,131,167,104,67,324,286,230,118,316,251,343,323,315
Namibia,20,82403983,21471,8463,696,222,463,192,209,65,272,119,317,98,190,107,13,21,16,8,24,35,18,9,29,23,16,25,16
Namibia,25,82403983,13865,5759,628,190,409,147,159,49,206,88,239,71,150,83,10,16,11,6,17,27,9,6,19,13,9,9,7
Namibia,30,82403983,4246,808,418,110,211,62,65,17,81,34,86,27,71,26,2,5,6,1,2,8,2,1,5,1,3,1,2
Namibia,50,82403983,600,54,148,36,102,27,5,4,8,2,4,3,7,2,0,0,0,0,0,0,0,0,0,0,0,0,0
Namibia,75,82403983,54,7,23,7,9,2,0,0,1,0,0,0,1,0,0,0,0,0,0,0,0,0,0,0,0,0,0
Nauru,0,2216,2216,2216,0,0,0,0,0,0,0,0,0,0,0,0,0,0,0,0,0,0,0,0,0,0,0,0,0
Nauru,10,2216,0,0,0,0,0,0,0,0,0,0,0,0,0,0,0,0,0,0,0,0,0,0,0,0,0,0,0
Nauru,15,2216,0,0,0,0,0,0,0,0,0,0,0,0,0,0,0,0,0,0,0,0,0,0,0,0,0,0,0
Nauru,20,2216,0,0,0,0,0,0,0,0,0,0,0,0,0,0,0,0,0,0,0,0,0,0,0,0,0,0,0
Nauru,25,2216,0,0,0,0,0,0,0,0,0,0,0,0,0,0,0,0,0,0,0,0,0,0,0,0,0,0,0
Nauru,30,2216,0,0,0,0,0,0,0,0,0,0,0,0,0,0,0,0,0,0,0,0,0,0,0,0,0,0,0
Nauru,50,2216,0,0,0,0,0,0,0,0,0,0,0,0,0,0,0,0,0,0,0,0,0,0,0,0,0,0,0
Nauru,75,2216,0,0,0,0,0,0,0,0,0,0,0,0,0,0,0,0,0,0,0,0,0,0,0,0,0,0,0
Nepal,0,14766236,14766236,14766236,1706,2421,2582,3242,3250,3710,4164,3635,6744,3067,3200,6050,1490,1877,1132,1963,3616,2955,3600,4355,5066,3815,4706,6224,5914
Nepal,10,14766236,5599953,5437865,1594,2226,2398,2659,2891,3399,3655,3144,5833,2522,2923,5292,948,1308,694,1169,2600,1872,2310,2549,3100,2275,2588,3096,3361
Nepal,15,14766236,5421022,5173841,1571,2191,2353,2589,2843,3348,3585,3091,5734,2452,2878,5192,909,1254,632,1083,2521,1792,2213,2419,2953,2159,2463,2916,3192
Nepal,20,14766236,5366016,5132613,1555,2163,2327,2540,2792,3306,3527,3034,5592,2402,2853,5127,892,1233,621,1068,2496,1773,2193,2389,2923,2137,2427,2874,3153
Nepal,25,14766236,5301041,4937804,1533,2140,2306,2497,2771,3276,3488,3008,5550,2368,2830,5084,876,1211,609,1049,2474,1743,2159,2343,2876,2106,2383,2819,3097
Nepal,30,14766236,5161037,4801737,1523,2129,2292,2480,2758,3255,3466,2992,5524,2348,2816,5045,835,1162,579,999,2394,1672,2087,2233,2753,2022,2277,2679,2964
Nepal,50,14766236,4308183,3547663,1313,1824,1913,1893,2308,2658,2822,2415,4551,1808,2446,4309,671,925,503,832,2042,1399,1766,1865,2330,1705,1869,2167,2258
Nepal,75,14766236,2131919,1707535,889,1279,1215,1016,1578,1571,1826,1453,2995,1053,1701,2980,297,409,246,399,1006,613,789,842,1096,802,830,925,886
Netherlands,0,3768675,3768675,3768675,769,867,328,1344,1544,1544,1708,1202,1664,3493,1194,997,636,997,973,1637,1788,1496,2771,2195,2810,1408,1923,1834,932
Netherlands,10,3768675,751850,863139,745,839,315,1313,1493,1502,1664,1167,1587,3443,1169,954,533,906,915,1452,1400,1348,2577,1987,2536,1243,1672,1571,687
Netherlands,15,3768675,681546,787300,742,833,313,1308,1483,1493,1652,1160,1572,3427,1162,951,526,898,908,1440,1379,1326,2554,1968,2512,1228,1647,1553,670
Netherlands,20,3768675,657435,775051,740,830,311,1304,1479,1491,1651,1157,1569,3423,1159,949,522,892,904,1430,1366,1309,2538,1956,2497,1215,1627,1539,657
Netherlands,25,3768675,623890,746125,738,828,311,1301,1476,1488,1648,1155,1566,3416,1158,948,518,884,900,1419,1351,1290,2511,1939,2477,1201,1607,1524,648
Netherlands,30,3768675,593055,710850,736,825,310,1297,1472,1482,1646,1151,1559,3403,1155,947,514,875,894,1407,1333,1271,2481,1922,2457,1186,1578,1508,635
Netherlands,50,3768675,473968,546958,701,760,292,1203,1388,1409,1604,1097,1493,3247,1115,923,487,812,851,1312,1212,1136,2277,1770,2315,1090,1403,1373,556
Netherlands,75,3768675,285065,278242,574,594,231,854,1042,1111,1351,874,1181,2533,921,808,363,583,624,935,838,796,1612,1279,1790,782,983,910,354
New Caledonia,0,1882561,1882561,1882561,766,750,940,1614,1519,2196,1060,547,1115,619,786,1009,3151,2459,560,1464,1295,3289,895,4398,706,404,813,2324,2634
New Caledonia,10,1882561,1597786,1575337,745,708,924,1585,1507,2183,1036,540,1072,603,749,921,2706,2286,525,1404,1226,3199,861,4257,687,390,733,2118,2141
New Caledonia,15,1882561,1570235,1552705,742,705,922,1581,1505,2182,1030,539,1064,600,747,914,2667,2267,524,1398,1221,3189,858,4242,685,388,719,2090,2087
New Caledonia,20,1882561,1501655,1461379,717,655,901,1540,1490,2161,998,527,1006,567,726,868,2469,2160,507,1368,1191,3144,838,4176,672,383,653,1925,1958
New Caledonia,25,1882561,1481549,1433537,713,648,898,1532,1486,2155,994,526,1000,563,722,859,2406,2125,500,1355,1182,3125,832,4145,668,380,635,1877,1906
New Caledonia,30,1882561,1440328,1397587,698,627,884,1510,1472,2135,975,522,976,550,709,838,2282,2050,486,1324,1160,3069,812,4066,656,374,597,1782,1797
New Caledonia,50,1882561,1051338,998497,548,431,680,1166,1265,1741,796,455,772,443,569,641,1045,914,245,712,761,1786,445,2774,457,237,267,678,560
New Caledonia,75,1882561,725320,767326,348,232,428,671,796,978,461,292,422,266,379,447,306,256,81,243,339,688,174,1280,233,78,81,105,143
New Zealand,0,26716625,26716625,26716625,50779,63421,45007,60867,52806,61934,62934,61602,59817,56332,60393,71443,87685,88900,68611,88001,84206,88541,79643,69991,79557,73379,72041,58925,66426
New Zealand,10,26716625,11576991,11944979,50599,63283,44849,60732,52588,61732,62714,61424,59657,56170,60006,69683,78162,80205,64439,81078,75689,80104,72179,61852,67502,59913,52426,41286,42003
New Zealand,15,26716625,11497891,11858666,50593,63279,44845,60729,52584,61728,62708,61420,59653,56166,60000,69665,78093,80125,64391,80988,75593,80034,72109,61776,67401,59808,52302,41181,41850
New Zealand,20,26716625,11418598,11683649,50578,63265,44832,60715,52560,61709,62687,61404,59642,56153,59984,69613,77898,79862,64260,80783,75349,79757,71882,61488,67006,59357,51627,40556,41010
New Zealand,25,26716625,11357769,11607791,50561,63253,44822,60703,52547,61698,62672,61393,59631,56144,59971,69571,77764,79703,64159,80610,75155,79557,71704,61282,66725,59048,51235,40194,40611
New Zealand,30,26716625,11255804,11432839,50528,63228,44799,60681,52519,61672,62643,61372,59614,56122,59945,69499,77542,79410,64003,80359,74884,79228,71431,60925,66243,58515,50463,39497,39723
New Zealand,50,26716625,10796263,10604445,50331,63051,44663,60493,52302,61488,62443,61204,59497,55980,59789,69061,76153,77952,63120,78929,73256,77498,69870,59143,63867,55968,47083,36539,36394
New Zealand,75,26716625,9368329,9329277,49100,61915,43772,59288,50955,60193,61017,60136,58680,55182,58798,67206,71695,73273,59653,72833,67265,71674,64554,53877,57301,48912,40000,30380,29754
Nicaragua,0,12817892,12817892,12817892,45002,54923,47917,21516,97060,39417,89692,54716,83921,216172,43726,34602,46389,79925,37467,153295,215603,74311,80711,114122,93920,50909,121543,163001,61900
Nicaragua,10,12817892,8385819,8239488,44539,54576,47439,21272,96146,39127,89096,54249,83517,214445,43486,33997,44618,76714,35995,144865,212839,72126,78607,112006,92318,49480,118483,159155,59797
Nicaragua,15,12817892,8208207,7991688,44437,54487,47328,21226,95915,39070,88953,54149,83421,213998,43439,33929,44449,76338,35836,143966,212408,71839,78318,111763,92143,49304,118135,158735,59566
Nicaragua,20,12817892,8034709,7917623,44314,54386,47202,21174,95649,39000,88792,54034,83312,213490,43391,33843,44266,75988,35690,143247,212067,71614,78094,111551,92003,49158,117861,158410,59389
Nicaragua,25,12817892,7916874,7779057,44220,54301,47104,21126,95456,38946,88664,53937,83223,213103,43352,33783,44170,75804,35621,142899,211917,71513,77983,111441,91932,49089,117726,158242,59289
Nicaragua,30,12817892,7773867,7619467,44089,54178,46944,21062,95136,38865,88478,53793,83078,212482,43280,33692,44030,75550,35521,142379,211698,71361,77829,111296,91835,48981,117536,157981,59156
Nicaragua,50,12817892,7064509,6460789,42292,52941,45089,20202,92434,37735,86355,52185,81725,207476,42747,32733,43198,74072,34944,139773,210408,70481,76853,110369,91289,48348,116539,156737,58488
Nicaragua,75,12817892,5826755,5242560,37527,48694,40016,17805,83444,34695,80283,47558,76829,190727,40748,30201,40976,70144,33430,131972,206197,67747,74030,107050,89652,46456,113324,152937,56568
Niger,0,118366969,118366969,118366969,16,8,8,7,7,4,4,3,4,4,3,52,267,83,22,4,6,15,13,22,24,11,45,51,97
Niger,10,118366969,24301,60503,13,7,7,6,4,2,2,2,2,2,2,15,22,14,2,0,0,4,1,5,2,2,9,14,16
Niger,15,118366969,607,3880,3,4,3,3,1,1,1,1,1,1,0,3,3,1,0,0,0,0,0,0,0,0,0,0,2
Niger,20,118366969,12,220,1,2,2,1,1,0,0,0,0,0,0,1,0,0,0,0,0,0,0,0,0,0,0,0,0
Niger,25,118366969,9,127,0,1,1,1,0,0,0,0,0,0,0,0,0,0,0,0,0,0,0,0,0,0,0,0,0
Niger,30,118366969,2,48,0,1,0,0,0,0,0,0,0,0,0,0,0,0,0,0,0,0,0,0,0,0,0,0,0
Niger,50,118366969,0,4,0,0,0,0,0,0,0,0,0,0,0,0,0,0,0,0,0,0,0,0,0,0,0,0,0
Niger,75,118366969,0,0,0,0,0,0,0,0,0,0,0,0,0,0,0,0,0,0,0,0,0,0,0,0,0,0,0
Nigeria,0,90840970,90840970,90840970,85094,70941,45347,40061,52652,60548,119870,87752,95746,65933,162783,171818,184534,212335,133255,152880,419346,285140,225683,254888,287080,324789,271858,376467,371584
Nigeria,10,90840970,42579113,39372968,84264,69292,44866,37914,51923,59173,116509,85305,94165,64729,160426,164946,161373,200331,127999,150717,412392,279619,220905,249454,278800,314534,260539,358079,348067
Nigeria,15,90840970,26694198,26745528,77291,58914,38697,28429,43785,48419,95350,65984,77981,55573,132071,137885,122164,169707,110943,139798,381061,255489,199089,223503,240767,267313,217941,300097,287291
Nigeria,20,90840970,13974189,15774940,56298,40215,19868,18243,20650,33154,40538,37594,38411,40322,76455,58606,66060,105903,65307,101585,260067,175693,129826,142762,142323,155303,123853,161864,168491
Nigeria,25,90840970,12938592,14556980,53602,38102,18062,17307,18863,31130,36748,34791,34522,38298,68723,51102,61143,98332,59476,95625,241510,164244,120318,132691,132446,144179,114438,147404,156680
Nigeria,30,90840970,10048743,10934423,43386,32347,13381,14644,13280,26168,24573,27471,25290,32782,53891,34971,43435,68637,40928,72190,171046,119823,86895,99200,97193,106189,85267,105644,118263
Nigeria,50,90840970,4725133,4488681,19225,17811,5435,8338,6289,13137,10422,12815,11186,18422,25997,15822,16518,25685,14113,29449,55876,44348,33478,40594,36844,39951,34478,36253,47418
Nigeria,75,90840970,315629,359040,3460,1839,520,677,554,1090,774,995,717,1351,2017,767,232,812,175,379,1324,632,572,1243,955,1329,1526,1190,2517
North Korea,0,12270649,12270649,12270649,12495,5792,7761,12376,17904,13772,14276,20036,13840,20072,5771,17976,5651,12331,12179,12276,9312,8274,34176,19213,17696,11151,12659,20179,12741
North Korea,10,12270649,5869580,5861377,12169,5568,7583,11867,17294,13204,13828,19429,13500,19588,5596,17314,5211,11488,11592,11805,8864,7917,29467,15882,14717,9609,10730,13273,10209
North Korea,15,12270649,5606969,5497860,12095,5496,7513,11693,17054,13022,13688,19251,13398,19415,5536,17096,5146,11312,11378,11698,8763,7845,28775,15488,14357,9423,10519,12780,9951
North Korea,20,12270649,5500408,5395135,12035,5449,7467,11572,16897,12803,13556,19110,13319,19304,5504,16984,5124,11243,11284,11658,8724,7823,28516,15330,14218,9342,10436,12580,9840
North Korea,25,12270649,5373585,5189986,11970,5388,7393,11423,16653,12642,13367,18892,13189,19130,5460,16818,5084,11136,11147,11587,8644,7756,28081,15086,13997,9214,10305,12349,9692
North Korea,30,12270649,5195566,4995618,11945,5358,7348,11357,16525,12578,13288,18782,13113,19015,5422,16680,5023,10941,10852,11487,8521,7692,27492,14775,13742,9047,10119,12017,9517
North Korea,50,12270649,4093562,3360679,10503,4396,6085,9312,13037,10595,10892,15610,11005,15910,4649,13864,4361,8950,7356,9929,7265,6597,19580,12192,11605,7702,8697,9745,7901
North Korea,75,12270649,917015,689979,3633,1412,2084,2918,3827,4262,3713,4645,3572,4894,2095,4381,1128,1989,1060,2404,2026,1532,2862,2382,2781,1923,2397,2570,2007
North Macedonia,0,2491000,2491000,2491000,2130,939,920,2264,1340,2088,4140,4111,4386,2273,2207,3256,1400,2016,846,1627,1556,1956,2165,2209,3461,2937,3229,4648,3949
North Macedonia,10,2491000,911643,718078,2098,907,902,2220,1316,2052,3962,4014,4339,2237,2176,3075,1283,1912,809,1565,1317,1722,1977,1998,2628,2601,2931,3229,2697
North Macedonia,15,2491000,863996,676356,2080,900,900,2213,1312,2048,3921,3994,4321,2231,2170,3038,1249,1886,802,1547,1256,1662,1912,1946,2525,2549,2887,2570,2553
North Macedonia,20,2491000,843291,665313,2069,893,897,2209,1310,2046,3909,3983,4315,2228,2166,3025,1238,1876,799,1538,1237,1644,1893,1931,2483,2530,2868,2509,2499
North Macedonia,25,2491000,819820,645441,2063,892,897,2203,1308,2044,3872,3967,4309,2225,2160,2985,1192,1844,793,1516,1203,1605,1857,1903,2415,2498,2840,2397,2424
North Macedonia,30,2491000,782000,615237,2060,890,895,2201,1307,2042,3863,3960,4301,2223,2157,2941,1149,1816,784,1496,1147,1543,1790,1856,2304,2448,2798,2055,2264
North Macedonia,50,2491000,696357,498902,1932,855,879,2147,1287,2009,3597,3822,4157,2187,2126,2780,1049,1724,764,1442,1046,1403,1665,1742,1998,2300,2681,1669,1927
North Macedonia,75,2491000,536249,216374,1602,746,819,1941,1199,1876,2918,3367,3649,2026,1992,2462,877,1507,682,1297,871,1125,1400,1444,1497,1904,2259,1215,1450
NorthernCyprus,0,662830,662830,662830,40,10,8,55,33,70,54,64,52,49,79,27,91,111,64,90,131,119,73,117,105,1747,787,74,62
NorthernCyprus,10,662830,52042,39292,37,8,6,42,15,43,30,48,44,25,40,17,54,78,37,59,77,48,37,48,34,1318,157,23,16
NorthernCyprus,15,662830,43671,32491,37,8,5,36,10,36,27,43,43,22,32,13,52,71,36,57,73,43,34,37,13,1284,128,20,15
NorthernCyprus,20,662830,40051,30693,36,7,5,33,7,34,26,42,43,20,30,12,47,67,36,56,71,43,32,33,12,1251,118,19,15
NorthernCyprus,25,662830,30458,27600,35,7,5,32,7,32,25,41,42,20,29,12,41,62,35,54,67,41,30,22,7,1138,97,15,12
NorthernCyprus,30,662830,24615,26143,35,7,5,31,7,32,25,40,42,20,28,11,32,55,31,44,55,35,25,12,5,1054,82,13,11
NorthernCyprus,50,662830,15262,10467,29,4,2,18,2,22,17,34,38,13,18,6,23,44,25,37,42,30,22,8,4,740,54,9,9
NorthernCyprus,75,662830,5742,4239,16,1,1,8,1,10,9,25,29,9,12,3,6,11,6,11,13,12,7,2,1,163,13,5,5
Norway,0,32512056,32512056,32512056,22565,26815,14918,34056,25064,40878,31991,33979,23447,40286,32914,30316,34502,40501,37661,63114,60623,63518,67237,71836,66630,70135,60567,69242,71948
Norway,10,32512056,12814173,14991700,22497,26696,14855,33898,24998,40763,31922,33889,23372,40187,32809,30062,33358,39461,36876,60634,58463,59882,65263,69015,64478,67880,58485,66927,69692
Norway,15,32512056,12248933,14173806,22471,26669,14839,33839,24970,40717,31889,33861,23349,40161,32790,30010,33222,39320,36776,60392,58228,59580,65057,68729,64233,67624,58266,66664,69426
Norway,20,32512056,12155482,13989513,22459,26653,14827,33816,24953,40694,31866,33846,23333,40145,32784,29995,33197,39286,36747,60329,58164,59499,65000,68655,64172,67561,58206,66596,69366
Norway,25,32512056,11977749,13528477,22454,26646,14821,33765,24933,40669,31852,33830,23325,40138,32779,29979,33143,39228,36695,60226,58060,59396,64916,68543,64080,67466,58113,66469,69258
Norway,30,32512056,11739516,13054556,22446,26636,14817,33742,24919,40649,31841,33816,23317,40129,32769,29947,33069,39149,36639,60082,57917,59219,64784,68363,63937,67306,57971,66325,69112
Norway,50,32512056,9807522,10628751,22172,26362,14664,33071,24617,40118,31578,33545,23108,39864,32610,29537,32067,38071,35712,58147,55991,57172,63036,66025,61982,65261,56232,64326,67089
Norway,75,32512056,6246630,6739136,20159,24297,13648,30196,23085,37190,29742,31757,21836,37763,31474,27843,26979,32175,30723,48681,46465,47355,52959,53566,51278,54473,47155,53850,56057
Oman,0,30914206,30914206,30914206,4,1,0,3,3,3,5,15,3,1,12,18,15,7,0,0,0,0,0,0,0,0,10,5,7
Oman,10,30914206,1226,632,1,0,0,0,1,0,1,1,0,0,5,0,0,0,0,0,0,0,0,0,0,0,0,0,0
Oman,15,30914206,186,211,0,0,0,0,0,0,0,0,0,0,0,0,0,0,0,0,0,0,0,0,0,0,0,0,0
Oman,20,30914206,13,3,0,0,0,0,0,0,0,0,0,0,0,0,0,0,0,0,0,0,0,0,0,0,0,0,0
Oman,25,30914206,2,1,0,0,0,0,0,0,0,0,0,0,0,0,0,0,0,0,0,0,0,0,0,0,0,0,0
Oman,30,30914206,0,0,0,0,0,0,0,0,0,0,0,0,0,0,0,0,0,0,0,0,0,0,0,0,0,0,0
Oman,50,30914206,0,0,0,0,0,0,0,0,0,0,0,0,0,0,0,0,0,0,0,0,0,0,0,0,0,0,0
Oman,75,30914206,0,0,0,0,0,0,0,0,0,0,0,0,0,0,0,0,0,0,0,0,0,0,0,0,0,0,0
Pakistan,0,79238100,79238100,79238100,206,338,638,1155,973,1344,1181,1082,1022,745,494,346,234,171,5,0,237,124,125,130,97,89,2167,4495,3053
Pakistan,0,8180462,8180462,8180462,32,19,57,95,53,93,62,81,49,40,20,22,12,10,0,0,8,3,14,6,20,10,38,188,49
Pakistan,10,79238100,1161444,668605,194,321,606,1110,931,1287,1112,1017,921,707,461,241,75,44,4,0,205,86,94,88,71,57,230,221,220
Pakistan,10,8180462,468544,333102,27,15,53,83,40,87,45,65,44,32,15,17,3,5,0,0,4,2,5,3,7,7,9,39,6
Pakistan,15,79238100,916520,567678,193,317,602,1097,920,1278,1100,1006,895,702,457,235,68,40,3,0,197,81,89,80,67,52,184,176,173
Pakistan,15,8180462,374829,282995,27,14,52,82,40,85,44,64,43,32,14,16,3,4,0,0,4,2,4,3,6,6,8,37,4
Pakistan,20,79238100,866403,549705,192,314,598,1092,914,1269,1093,1001,887,696,454,232,65,39,3,0,196,78,86,78,65,49,175,161,161
Pakistan,20,8180462,356585,271521,27,14,51,81,38,84,40,60,42,30,14,16,3,4,0,0,4,2,4,3,6,6,7,33,4
Pakistan,25,79238100,748306,443240,192,312,593,1089,912,1263,1086,996,881,692,452,228,62,37,3,0,192,77,83,73,61,47,158,125,125
Pakistan,25,8180462,326320,229661,26,14,51,81,38,84,40,60,42,30,14,16,2,4,0,0,4,2,3,3,6,5,7,30,3
Pakistan,30,79238100,681138,427270,191,311,591,1088,911,1261,1084,995,879,690,450,223,58,35,2,0,186,74,78,67,57,44,141,115,112
Pakistan,30,8180462,297536,220935,26,14,50,81,37,84,40,59,42,30,13,16,2,4,0,0,4,2,3,2,6,4,7,26,3
Pakistan,50,79238100,471768,246789,174,268,525,982,799,1120,962,886,783,636,407,188,32,23,2,0,152,58,63,53,41,30,90,68,70
Pakistan,50,8180462,195184,123799,22,10,38,64,29,70,28,46,31,22,9,11,1,1,0,0,2,1,2,1,5,3,5,8,1
Pakistan,75,79238100,244635,112721,104,173,336,552,408,585,492,513,423,411,267,128,10,10,0,0,75,21,28,21,12,16,33,25,27
Pakistan,75,8180462,90229,51364,12,6,18,34,15,45,14,25,16,10,5,6,0,0,0,0,1,1,0,0,1,1,2,2,0
Palau,0,48409,48409,48409,52,76,18,30,44,35,91,65,30,33,31,28,24,100,0,0,0,4,10,22,4,11,42,10,7
Palau,10,48409,42173,41343,52,75,18,30,44,35,91,65,30,33,31,28,22,95,0,0,0,4,9,18,3,10,36,7,4
Palau,15,48409,41837,41012,52,75,18,30,44,35,91,65,30,33,31,28,22,95,0,0,0,4,9,18,3,9,36,7,4
Palau,20,48409,41618,40915,52,75,18,30,44,35,91,65,30,33,31,28,21,95,0,0,0,4,9,17,3,9,35,7,3
Palau,25,48409,41503,40751,52,75,18,30,43,35,91,65,30,33,31,28,21,94,0,0,0,4,9,17,3,9,35,7,3
Palau,30,48409,41239,40538,52,75,18,30,43,35,91,65,30,33,31,28,21,94,0,0,0,4,9,16,3,9,35,7,3
Palau,50,48409,40119,38610,52,75,17,29,43,35,90,64,30,33,31,28,21,92,0,0,0,4,8,14,3,9,33,6,3
Palau,75,48409,37401,36276,49,72,16,26,41,33,84,61,29,30,30,26,18,86,0,0,0,4,8,10,3,8,30,5,2
Palestine,0,622005,622005,622005,9,9,8,14,6,8,6,5,6,9,3,10,30,22,2,2,11,5,1,2,0,0,127,230,1082
Palestine,10,622005,1652,1738,4,3,2,3,1,3,2,3,2,3,1,2,1,4,0,0,4,3,0,1,0,0,1,2,235
Palestine,15,622005,1257,1262,3,3,2,2,1,2,2,3,2,2,0,1,1,3,0,0,4,3,0,1,0,0,1,2,209
Palestine,20,622005,1134,1187,2,3,2,2,0,1,2,3,1,1,0,1,1,3,0,0,3,2,0,1,0,0,1,1,191
Palestine,25,622005,732,929,2,2,2,1,0,1,1,3,1,1,0,0,0,1,0,0,2,2,0,0,0,0,0,1,146
Palestine,30,622005,615,854,2,2,1,1,0,1,1,3,1,1,0,0,0,1,0,0,2,2,0,0,0,0,0,1,113
Palestine,50,622005,273,223,2,0,0,0,0,0,1,2,0,1,0,0,0,0,0,0,0,1,0,0,0,0,0,0,57
Palestine,75,622005,73,93,0,0,0,0,0,0,0,0,0,0,0,0,0,0,0,0,0,0,0,0,0,0,0,0,14
Panama,0,7545264,7545264,7545264,18485,19520,11468,17087,12587,34951,20957,40662,37795,15572,23393,17594,14809,15237,11127,18087,32986,30031,36922,29433,26462,18744,28027,23657,20784
Panama,10,7545264,5976336,5775600,18371,19348,11371,16966,12486,34612,20794,40270,37403,15505,23246,17239,14237,14331,10738,17611,31636,28689,34928,28017,25060,17808,25967,22144,19144
Panama,15,7545264,5905831,5710884,18346,19314,11352,16941,12466,34551,20761,40204,37324,15490,23218,17201,14185,14263,10693,17528,31420,28466,34629,27803,24861,17667,25686,21946,18956
Panama,20,7545264,5841281,5686683,18315,19272,11328,16909,12443,34482,20723,40117,37227,15472,23188,17163,14133,14192,10654,17463,31240,28279,34395,27630,24691,17551,25468,21793,18790
Panama,25,7545264,5797744,5642521,18293,19245,11310,16885,12426,34425,20696,40051,37154,15459,23166,17136,14105,14154,10630,17433,31148,28183,34267,27542,24598,17490,25339,21708,18698
Panama,30,7545264,5734589,5579851,18268,19207,11285,16852,12396,34343,20658,39956,37043,15435,23131,17095,14061,14086,10591,17378,30970,28013,34034,27379,24431,17364,25115,21553,18530
Panama,50,7545264,5488681,5210990,17876,18723,10993,16449,12113,33375,20151,38961,35880,15235,22770,16706,13823,13750,10380,17084,30067,27150,32827,26563,23616,16789,24036,20824,17728
Panama,75,7545264,5002680,4744734,16269,16321,9647,14735,11124,29296,17807,35175,31620,14365,21264,15211,13075,12696,9674,16132,27156,24367,29143,23954,21162,15045,21042,18748,15530
Papua New Guinea,0,46361062,46361062,46361062,36302,54849,31915,58920,39186,56742,49347,71368,49415,69052,53424,73940,59128,108911,186089,182578,121768,120276,97786,80859,79115,148513,87906,89592,74366
Papua New Guinea,10,46361062,43688904,43701748,36077,54684,31851,58501,39081,56493,49233,71163,49295,68860,53152,73484,57236,106333,182073,179103,118530,118463,95749,78948,77126,143161,84531,83903,71398
Papua New Guinea,15,46361062,43408478,43379833,36054,54646,31833,58437,39059,56456,49205,71122,49267,68826,53113,73434,57054,106135,181735,178792,118250,118313,95578,78786,76970,142835,84273,83442,71196
Papua New Guinea,20,46361062,43270082,43307411,36038,54622,31823,58399,39045,56429,49189,71094,49248,68801,53089,73400,56928,105976,181437,178464,118019,118178,95435,78659,76848,142560,84099,83047,71006
Papua New Guinea,25,46361062,43139306,43142450,36025,54600,31816,58366,39036,56412,49177,71071,49231,68784,53070,73375,56829,105869,181240,178271,117829,118089,95342,78580,76757,142389,83983,82706,70902
Papua New Guinea,30,46361062,42920262,42919728,36005,54575,31805,58330,39021,56388,49161,71045,49211,68761,53046,73334,56668,105663,180807,177925,117509,117935,95135,78440,76612,142079,83765,82210,70723
Papua New Guinea,50,46361062,41975225,41700524,35783,54205,31679,57811,38819,56114,48949,70676,48949,68480,52800,73026,55916,104589,178565,175393,115923,117095,94277,77801,75972,140710,82744,80132,69919
Papua New Guinea,75,46361062,39646490,39293162,34374,51826,30910,55196,37307,54289,47711,68663,47322,66695,51502,71332,53146,98995,165969,158795,109253,112609,89728,74002,72016,133711,77988,74667,66479
Paraguay,0,39928621,39928621,39928621,168666,214822,284783,263720,279647,155396,445546,387110,361948,447181,463351,521547,329359,360674,293034,349028,399052,275693,330930,271344,308054,253005,212289,307777,186172
Paraguay,10,39928621,26890636,22350162,158291,204284,275181,253672,269518,151061,433427,380454,356628,444621,460468,515738,323047,351104,284576,329197,373421,264839,318064,252147,286131,227856,192434,278895,160704
Paraguay,15,39928621,26425373,22253273,156729,202462,273626,252256,267971,150469,432024,379638,355999,444258,460055,514899,322473,350305,283858,327777,371200,263971,317163,250705,284503,226053,191260,276922,159019
Paraguay,20,39928621,25749115,21741828,154834,200688,271824,250689,266636,149838,430326,378556,355245,443775,459308,513849,321489,349121,282763,325628,367824,262621,315913,248503,282199,223443,189324,273632,156354
Paraguay,25,39928621,24985248,21172424,153702,199583,270618,249795,265702,149421,429096,377834,354669,443350,458584,512608,320195,347742,281306,323009,364161,260944,314621,246001,279666,220538,187145,269950,153248
Paraguay,30,39928621,24273208,20431739,150237,195119,267306,247337,262612,148255,426191,376296,353172,442278,457174,510213,318515,345737,279304,319793,360073,258769,312986,243326,276716,217142,184552,265820,149845
Paraguay,50,39928621,13982465,13371142,106607,142231,208196,192190,162690,94729,257234,238661,218719,293718,274273,292269,159240,147420,120084,159508,204174,111746,228071,143055,167337,124690,102366,157043,74296
Paraguay,75,39928621,7538798,7258212,62485,89429,121801,125609,91052,48065,126449,93718,84014,128615,136337,166382,105881,85216,61940,89534,133995,54895,162482,98926,110030,73545,53411,101522,44358
Peru,0,129246452,129246452,129246452,86787,81135,74519,101965,163891,89471,116310,127282,178831,143028,126175,278327,214792,211581,170696,238055,315646,217664,237763,286596,233075,245636,243348,279592,261496
Peru,10,129246452,79057214,79880370,86205,80663,74050,101511,163271,89071,115876,126825,178157,142478,125454,276030,210429,206531,167142,232258,305446,212639,232106,279890,226340,237565,229650,270203,250639
Peru,15,129246452,78697045,79598861,86159,80619,74009,101464,163212,89029,115840,126789,178103,142435,125409,275875,210110,206198,166948,231915,304807,212374,231842,279530,225977,237163,229074,269707,250119
Peru,20,129246452,78430031,79508597,86095,80557,73955,101401,163129,88981,115794,126735,178035,142383,125354,275696,209800,205895,166771,231575,304224,212118,231602,279201,225669,236774,228545,269250,249681
Peru,25,129246452,78228647,79270622,86062,80508,73917,101358,163075,88948,115762,126699,177982,142348,125312,275582,209547,205685,166631,231311,303798,211915,231426,278954,225442,236483,228149,268928,249372
Peru,30,129246452,78063555,78757035,86007,80456,73869,101309,162996,88903,115718,126649,177911,142294,125254,275417,209322,205418,166449,230953,303217,211643,231173,278604,225106,236062,227601,268477,248922
Peru,50,129246452,76808370,76989581,85311,79691,73211,100614,161923,88271,115068,125979,176949,141499,124536,273495,207095,203161,164763,228038,298269,209486,229190,275904,222601,232974,223929,265090,245598
Peru,75,129246452,74452237,75111252,83765,78014,71699,98847,158610,86551,113408,124309,174451,139548,122703,268336,201783,196886,159683,219541,283272,203001,223003,267637,215055,224526,214660,255864,236956
Philippines,0,29585613,29585613,29585613,35777,33033,35775,49175,50604,58226,67529,39096,61959,104212,33705,65239,70225,122712,76270,151317,134155,83504,73796,74232,57361,96164,52827,80037,51813
Philippines,10,29585613,19798472,19612063,35389,32559,35376,48798,50088,57708,66867,38844,61284,103258,33395,60166,60409,106094,68441,134687,119167,73669,66512,66282,50882,87216,44853,62842,43522
Philippines,15,29585613,19384294,19074914,35322,32477,35298,48724,49982,57616,66734,38797,61158,103053,33349,59975,59937,104988,67701,133005,117670,72689,65758,65514,50285,86396,44182,61677,42916
Philippines,20,29585613,19165071,18950767,35267,32410,35241,48669,49902,57548,66640,38762,61060,102905,33319,59848,59667,104374,67312,132152,116915,72191,65376,65105,49968,85964,43839,61077,42599
Philippines,25,29585613,18993879,18702590,35219,32368,35199,48634,49857,57507,66586,38742,61001,102808,33299,59769,59511,104047,67120,131749,116529,71945,65194,64912,49800,85749,43649,60756,42415
Philippines,30,29585613,18599368,18391718,35165,32309,35154,48579,49781,57428,66497,38703,60890,102649,33253,59587,58871,102456,65896,129109,114280,70533,64038,63727,48883,84543,42736,59209,41584
Philippines,50,29585613,17415115,16824017,34459,31673,34667,48050,49095,56801,65674,38380,60008,101155,32958,58577,57407,99174,63877,124480,110283,67903,61907,61501,47161,82179,40775,55799,39880
Philippines,75,29585613,14110071,13879721,31163,28598,31968,44807,45057,52711,60552,35958,54521,92176,30914,53455,49895,82101,51582,98200,87867,54108,49864,49365,38041,70424,31983,42486,32306
Poland,0,31239932,31239932,31239932,19387,31568,33835,42595,83451,38269,58082,48702,47670,72904,57549,56260,37287,60032,45842,92441,102893,102333,81381,80489,82583,79093,85101,77875,86792
Poland,10,31239932,11162840,11482297,19219,31319,33585,42247,82871,37938,57622,48226,47211,72266,57009,55337,35477,57162,43352,87849,97763,98170,77665,76073,78569,73418,77381,72658,79865
Poland,15,31239932,10888051,11051177,19145,31194,33442,42037,82600,37785,57438,48060,47035,71999,56810,55147,35332,56887,43144,87401,97248,97715,77351,75695,78233,73020,76952,72305,79382
Poland,20,31239932,10759021,10988433,19102,31116,33346,41927,82458,37719,57361,47989,46970,71898,56726,55049,35247,56734,43033,87166,96975,97473,77185,75499,78055,72794,76720,72112,79130
Poland,25,31239932,10628741,10822443,19084,31092,33315,41901,82414,37699,57332,47963,46947,71866,56682,54970,35150,56555,42929,86913,96718,97246,77020,75297,77883,72582,76500,71927,78884
Poland,30,31239932,10439498,10635345,19066,31070,33293,41874,82378,37680,57311,47941,46926,71835,56650,54896,35015,56280,42743,86511,96251,96846,76721,74959,77568,72194,76137,71612,78461
Poland,50,31239932,9529739,9155431,18439,29918,31996,40103,79895,36392,55772,46607,45692,70206,55557,53667,33608,53732,40942,82797,91953,92432,73908,71886,74656,68752,72938,68917,75059
Poland,75,31239932,6471970,4727720,15943,25259,26514,33090,66766,30324,47271,39396,39327,61356,49000,46240,22539,36053,27747,57704,63567,60403,53094,50870,52985,48117,51127,49516,52624
Portugal,0,8955525,8955525,8955525,27345,38629,29865,62655,43425,47446,41046,38324,44423,52888,30918,72447,78878,92689,74722,147356,278271,154496,70223,108743,73813,93202,75293,85503,120855
Portugal,10,8955525,3006368,2710535,26054,36910,28353,58967,41079,44928,38364,35661,41923,50469,27959,62581,59953,69632,54115,111150,210582,113982,45822,74141,45624,58520,44943,53546,75812
Portugal,15,8955525,2755913,2455718,25198,35873,27535,56936,39977,43596,37223,34495,40788,49347,27430,61298,57912,67106,51789,106305,198889,108981,43103,70233,42943,54774,42295,50411,69086
Portugal,20,8955525,2601294,2419347,24821,35423,27220,56198,39463,43091,36772,34026,40329,48870,27104,60202,55627,64643,49779,102282,190094,105180,40849,67330,40912,52025,40235,47767,64437
Portugal,25,8955525,2462952,2298419,24704,35260,27091,55945,39286,42932,36589,33876,40153,48702,26921,59358,53927,62724,48137,99046,183641,101809,39076,65013,39317,49760,38556,45866,61366
Portugal,30,8955525,2302484,2171271,24405,34903,26840,55315,38934,42567,36322,33615,39860,48401,26674,58236,51885,60259,46096,94646,173894,97437,36886,62044,37224,46877,36388,43381,57136
Portugal,50,8955525,1589979,1449272,19272,27989,21533,43192,32227,35556,30814,28698,34318,42205,23445,47688,37431,44274,33312,67619,120212,72894,24917,44407,25733,30841,25078,29991,36178
Portugal,75,8955525,914496,808462,11762,17786,14082,26850,21408,23619,20101,19285,23219,29226,17126,32600,20658,25254,18448,38074,67358,44552,13239,24897,14155,16416,13685,16745,20145
Puerto Rico,0,897036,897036,897036,1355,1287,1297,1448,1407,1339,1129,1290,1008,627,1319,745,1005,1314,977,852,57549,1452,1144,1040,1101,1008,1372,686,966
Puerto Rico,10,897036,561249,562321,1279,1199,1223,1357,1319,1268,1062,1239,970,605,1253,668,746,949,765,647,56504,1263,752,728,751,673,848,405,553
Puerto Rico,15,897036,547087,555337,1271,1190,1213,1345,1310,1261,1053,1231,963,602,1244,662,732,921,750,630,56390,1250,732,709,729,649,811,389,529
Puerto Rico,20,897036,538424,552833,1265,1181,1205,1337,1301,1254,1047,1226,960,600,1239,658,720,901,740,618,56310,1241,716,697,712,634,791,380,517
Puerto Rico,25,897036,531710,549702,1259,1174,1200,1332,1296,1249,1042,1222,957,598,1234,656,711,887,732,610,56260,1234,704,689,702,625,773,372,504
Puerto Rico,30,897036,523696,540759,1252,1168,1194,1324,1288,1243,1037,1216,953,595,1228,654,702,871,722,599,56206,1228,695,681,691,615,761,364,492
Puerto Rico,50,897036,491958,488228,1179,1091,1134,1252,1216,1180,979,1163,916,572,1168,631,656,788,671,550,55901,1193,633,634,638,566,688,322,441
Puerto Rico,75,897036,438136,407241,979,883,957,1043,1007,994,819,1004,796,509,1002,572,565,635,561,452,54811,1093,511,537,530,467,574,261,358
Qatar,0,1158335,1158335,1158335,0,0,0,0,0,0,0,0,0,0,0,0,0,0,0,0,0,0,0,0,0,0,0,0,0
Qatar,10,1158335,0,7,0,0,0,0,0,0,0,0,0,0,0,0,0,0,0,0,0,0,0,0,0,0,0,0,0
Qatar,15,1158335,0,1,0,0,0,0,0,0,0,0,0,0,0,0,0,0,0,0,0,0,0,0,0,0,0,0,0
Qatar,20,1158335,0,0,0,0,0,0,0,0,0,0,0,0,0,0,0,0,0,0,0,0,0,0,0,0,0,0,0
Qatar,25,1158335,0,0,0,0,0,0,0,0,0,0,0,0,0,0,0,0,0,0,0,0,0,0,0,0,0,0,0
Qatar,30,1158335,0,0,0,0,0,0,0,0,0,0,0,0,0,0,0,0,0,0,0,0,0,0,0,0,0,0,0
Qatar,50,1158335,0,0,0,0,0,0,0,0,0,0,0,0,0,0,0,0,0,0,0,0,0,0,0,0,0,0,0
Qatar,75,1158335,0,0,0,0,0,0,0,0,0,0,0,0,0,0,0,0,0,0,0,0,0,0,0,0,0,0,0
Republic of the Congo,0,34173271,34173271,34173271,27840,25101,19165,14411,19498,23010,30822,18599,20920,48114,30420,34874,60637,77517,50493,116285,66252,63674,74755,65939,59916,60567,70119,118430,74874
Republic of the Congo,10,34173271,33522890,33255845,27837,25092,19160,14406,19489,23000,30803,18590,20896,48085,30408,34848,60481,77450,50435,116256,66216,63644,74731,65912,59867,60537,70070,118275,74833
Republic of the Congo,15,34173271,32484500,32031249,27796,25040,19085,14343,19423,22907,30698,18471,20679,47601,30233,34636,59987,77234,50285,116209,66144,63590,74690,65865,59784,60481,70003,118096,74736
Republic of the Congo,20,34173271,29291530,29016077,27489,24747,18803,14105,19141,22524,30245,17940,19788,45963,29325,33412,57668,75430,49295,115617,65332,63234,74403,65406,59316,60143,69116,116640,73140
Republic of the Congo,25,34173271,28573577,28389329,27408,24667,18738,14053,19084,22446,30139,17820,19609,45651,29130,33132,57017,74900,48979,115351,65059,63133,74297,65248,59126,60029,68816,116234,72632
Republic of the Congo,30,34173271,26388421,26636766,27031,24310,18514,13833,18853,22154,29765,17375,19073,44665,28374,32143,54642,72891,47823,114304,63875,62698,73758,64540,58193,59425,67415,114668,70834
Republic of the Congo,50,34173271,23943343,23682029,25332,22774,17615,12605,17814,21037,27851,15343,16861,41107,25801,29290,48895,65407,41829,105852,57207,57807,66478,58238,47793,53769,57365,106351,64057
Republic of the Congo,75,34173271,21417585,20219860,17872,16386,13634,7430,12411,15744,18031,9290,10764,28148,18217,20655,30847,42365,24003,75463,34808,33917,42083,35247,24183,34101,30494,67868,40736
Romania,0,23833779,23833779,23833779,17611,16476,9520,19051,19569,13220,38401,17731,16320,17898,17155,31335,13705,20323,11373,24027,20051,19488,12835,28332,15488,17561,26758,21392,25338
Romania,10,23833779,8499165,8183232,17563,16396,9459,18915,19464,13110,38201,17588,16220,17815,17013,30884,13142,19700,11001,23224,19384,19095,12367,27608,14855,16725,25653,20423,23855
Romania,15,23833779,8307312,7941059,17555,16382,9446,18896,19445,13094,38157,17566,16204,17803,16982,30797,13081,19635,10973,23170,19324,19058,12340,27567,14812,16668,25574,20345,23740
Romania,20,23833779,8201223,7886465,17549,16374,9441,18882,19436,13084,38133,17554,16196,17796,16966,30763,13051,19599,10956,23139,19289,19037,12320,27533,14779,16628,25514,20289,23665
Romania,25,23833779,8096149,7769231,17541,16365,9432,18868,19425,13074,38107,17545,16184,17787,16945,30715,13017,19561,10940,23106,19255,19013,12300,27501,14754,16589,25466,20240,23597
Romania,30,23833779,7915160,7652859,17535,16356,9428,18859,19418,13067,38082,17536,16177,17782,16928,30649,12946,19482,10906,23045,19187,18974,12266,27445,14700,16516,25380,20153,23475
Romania,50,23833779,7383115,6998746,17421,16169,9313,18683,19261,12937,37587,17397,16028,17684,16726,30087,12619,19102,10722,22703,18810,18746,12085,27135,14435,16135,24935,19746,22922
Romania,75,23833779,6284177,4933282,16869,15237,8780,17907,18568,12406,35327,16823,15284,17171,15990,28170,11173,17267,9675,21006,17079,17342,10994,25419,13143,14504,22636,17873,20683
Russia,0,1689455497,1689455497,1689455497,2125734,3320029,3425997,4096964,1765903,2587386,2540839,3359720,2485585,2246524,3621048,6330898,5903391,5386186,2623525,6261650,6143921,6621833,4847067,8217252,8559449,5126743,4264821,7421840,5059404
Russia,10,1689455497,883846720,870228401,2013291,3105136,3323126,3856631,1693781,2475807,2445967,3214291,2272511,1988459,3261917,5899580,5456943,5054367,2514204,5602203,5680162,6202883,4238375,6664286,7576414,4697558,3758816,6158688,4156362
Russia,15,1689455497,824065512,816200686,1929734,2915452,3190141,3707795,1655698,2386274,2407452,3152268,2209238,1932932,3158258,5696297,5225576,4794670,2434878,5354019,5511727,5916661,3963802,6022886,7082550,4522517,3578740,5687582,3783389
Russia,20,1689455497,810019297,806499391,1904748,2857531,3154962,3663241,1632026,2331184,2383293,3116809,2177706,1911248,3121684,5626698,5176734,4734413,2414462,5297537,5472135,5856411,3909955,5902717,6985529,4479031,3534770,5582175,3642387
Russia,25,1689455497,786058224,781877424,1864400,2792689,3107962,3591177,1610086,2293596,2359799,3085036,2148157,1886861,3076303,5514927,5059236,4606195,2378368,5183968,5386879,5711027,3806286,5684102,6746457,4387594,3445939,5409405,3500827
Russia,30,1689455497,761226509,754772110,1826603,2700384,3030069,3521018,1589994,2233421,2338923,3047988,2111642,1859546,3021489,5391243,4965537,4489889,2332111,5051686,5288941,5560432,3686557,5442086,6518851,4287817,3354721,5180133,3291325
Russia,50,1689455497,601267948,600144791,1447757,1949101,2249759,2748374,1382736,1871714,2093229,2600462,1803960,1612863,2564997,4493951,4077015,3320880,1893865,3810550,4350646,4134391,2636580,3508875,4302010,3356549,2645428,3578862,1967275
Russia,75,1689455497,330492050,345258913,831065,955392,1087256,1657254,1037421,1270410,1564286,1767039,1346194,1234948,1901795,2880554,2151173,1488762,1031226,1792227,2427326,2133022,1335009,1610197,1394463,1406391,1355157,1437627,949134
Rwanda,0,2527907,2527907,2527907,1670,1234,1354,1380,1045,1016,1829,1444,1649,3137,1090,1595,4698,5184,3632,4654,5960,7771,4540,5432,6491,5666,6868,7797,9769
Rwanda,10,2527907,2050265,2079505,1669,1231,1350,1376,1042,1013,1826,1439,1643,3130,1086,1573,4510,4929,3553,4521,5629,7437,4346,5215,5977,5314,6340,7379,9043
Rwanda,15,2527907,1574986,1537733,1658,1203,1318,1352,1021,986,1793,1395,1612,3071,1072,1512,4214,4621,3408,4311,5171,6970,4077,4924,5324,4807,5663,6738,7983
Rwanda,20,2527907,760241,798408,1608,1086,1202,1248,926,873,1623,1242,1506,2767,1003,1287,3196,3575,2721,3418,3737,5367,3140,3882,3733,3327,3915,4721,5108
Rwanda,25,2527907,704056,742691,1588,1057,1173,1225,904,842,1583,1210,1479,2697,987,1246,3085,3461,2621,3299,3554,5184,3040,3771,3588,3182,3753,4533,4874
Rwanda,30,2527907,497955,517922,1517,941,1061,1122,822,746,1430,1101,1382,2450,926,1091,2473,2890,2217,2778,2731,4291,2516,3187,2922,2536,3036,3605,3758
Rwanda,50,2527907,204430,233839,1089,522,698,713,525,447,855,700,969,1430,658,620,1008,1434,1164,1495,1129,2127,1299,1660,1421,1085,1450,1606,1580
Rwanda,75,2527907,87913,45593,382,144,221,192,155,125,230,240,317,372,195,156,224,406,309,340,270,442,341,488,401,205,405,460,474
Réunion,0,251271,251271,251271,29,512,146,0,234,646,0,16,195,228,580,907,2021,807,20,9,0,0,0,0,0,0,0,0,509
Réunion,10,251271,203274,212164,29,511,146,0,232,643,0,16,194,227,577,901,1985,790,18,8,0,0,0,0,0,0,0,0,494
Réunion,15,251271,199756,202416,29,509,145,0,231,641,0,15,193,226,575,898,1960,784,17,8,0,0,0,0,0,0,0,0,487
Réunion,20,251271,183764,184437,29,508,145,0,229,637,0,15,190,225,570,883,1831,738,13,7,0,0,0,0,0,0,0,0,450
Réunion,25,251271,180346,179206,29,507,144,0,229,636,0,15,189,225,568,877,1791,726,12,7,0,0,0,0,0,0,0,0,441
Réunion,30,251271,170475,170201,29,503,143,0,225,629,0,15,187,223,562,853,1653,675,9,7,0,0,0,0,0,0,0,0,408
Réunion,50,251271,131488,136405,27,458,128,0,209,590,0,14,174,204,477,665,884,423,2,6,0,0,0,0,0,0,0,0,255
Réunion,75,251271,74202,68719,15,141,27,0,134,371,0,6,110,109,163,207,175,168,0,1,0,0,0,0,0,0,0,0,63
Saint Kitts and Nevis,0,26718,26718,26718,50,21,36,30,21,21,13,24,34,19,13,11,6,6,1,9,4,7,13,15,12,12,10,10,10
Saint Kitts and Nevis,10,26718,14378,14246,47,20,34,27,19,21,13,23,34,19,12,11,5,4,1,8,4,5,10,11,10,5,4,6,5
Saint Kitts and Nevis,15,26718,13988,14207,46,20,33,26,19,21,12,23,34,19,12,11,5,4,1,8,4,5,10,11,9,5,4,6,5
Saint Kitts and Nevis,20,26718,13755,14137,46,20,33,26,19,21,12,23,34,19,12,11,5,4,1,8,4,5,10,10,9,4,3,5,5
Saint Kitts and Nevis,25,26718,13556,14048,46,20,33,26,19,20,12,23,34,19,12,11,5,4,1,8,4,5,9,10,9,4,3,5,5
Saint Kitts and Nevis,30,26718,13260,13750,45,20,32,25,19,20,12,23,34,19,12,11,5,4,1,8,4,5,9,10,9,4,3,5,4
Saint Kitts and Nevis,50,26718,12369,12265,43,19,30,23,18,19,12,22,33,18,12,10,5,4,1,8,4,5,8,10,9,4,3,5,4
Saint Kitts and Nevis,75,26718,10740,10538,36,16,26,19,16,18,11,21,31,17,11,10,5,3,1,8,3,4,8,9,8,3,2,4,3
Saint Lucia,0,61448,61448,61448,31,11,20,41,55,98,49,57,56,101,63,68,38,45,8,111,90,35,23,41,36,35,28,19,34
Saint Lucia,10,61448,52516,50689,31,11,20,40,54,98,49,56,55,101,62,68,37,43,7,108,85,34,22,41,35,35,25,19,31
Saint Lucia,15,61448,51887,50639,31,11,20,40,54,98,49,56,55,100,62,67,36,42,7,108,85,34,22,41,35,35,25,19,31
Saint Lucia,20,61448,51473,50488,31,11,20,40,54,98,49,56,55,100,62,67,36,42,7,108,84,34,22,41,35,34,25,19,31
Saint Lucia,25,61448,51133,50373,31,11,19,40,54,98,49,56,55,100,62,67,36,41,7,107,84,34,22,41,35,34,25,19,31
Saint Lucia,30,61448,50731,49889,31,11,19,40,54,98,49,56,55,100,62,67,36,41,7,107,84,34,22,41,35,34,25,19,31
Saint Lucia,50,61448,49236,47340,30,11,19,40,52,98,48,56,54,99,61,66,35,40,7,105,81,33,22,41,34,34,24,19,30
Saint Lucia,75,61448,45142,43451,28,10,18,36,48,96,46,54,52,93,59,62,33,37,6,99,73,32,20,38,31,32,22,16,28
Saint Vincent and the Grenadines,0,39789,39789,39789,7,9,10,22,18,11,24,43,31,69,32,25,16,13,2,17,33,18,12,7,14,66,13,44,6
Saint Vincent and the Grenadines,10,39789,30911,30384,7,8,10,22,17,11,23,42,30,67,31,25,14,11,2,16,32,17,12,7,13,64,12,43,6
Saint Vincent and the Grenadines,15,39789,30067,30285,7,8,10,21,17,11,23,42,30,66,31,25,14,11,2,16,31,17,12,7,13,64,11,43,6
Saint Vincent and the Grenadines,20,39789,29662,30072,7,8,10,21,17,10,23,42,30,66,30,25,14,11,2,16,31,17,12,7,13,64,11,43,5
Saint Vincent and the Grenadines,25,39789,29371,29959,7,8,10,21,17,10,23,42,30,66,30,25,13,11,2,16,31,17,12,7,13,63,11,42,5
Saint Vincent and the Grenadines,30,39789,29111,29655,7,8,10,21,17,10,23,42,30,66,30,25,13,11,2,16,31,17,12,7,13,63,11,42,5
Saint Vincent and the Grenadines,50,39789,27793,27259,7,8,9,21,16,10,23,41,29,65,30,24,13,10,2,16,30,17,11,7,13,63,10,42,5
Saint Vincent and the Grenadines,75,39789,23298,24368,6,7,8,19,15,9,21,37,27,59,27,22,11,8,2,15,28,16,11,7,12,51,9,40,5
Saint-Barthélemy,0,2094,2094,2094,0,0,0,0,0,0,0,0,0,0,0,0,0,0,0,0,0,0,0,0,0,0,0,0,0
Saint-Barthélemy,10,2094,786,634,0,0,0,0,0,0,0,0,0,0,0,0,0,0,0,0,0,0,0,0,0,0,0,0,0
Saint-Barthélemy,15,2094,722,628,0,0,0,0,0,0,0,0,0,0,0,0,0,0,0,0,0,0,0,0,0,0,0,0,0
Saint-Barthélemy,20,2094,687,607,0,0,0,0,0,0,0,0,0,0,0,0,0,0,0,0,0,0,0,0,0,0,0,0,0
Saint-Barthélemy,25,2094,657,589,0,0,0,0,0,0,0,0,0,0,0,0,0,0,0,0,0,0,0,0,0,0,0,0,0
Saint-Barthélemy,30,2094,621,558,0,0,0,0,0,0,0,0,0,0,0,0,0,0,0,0,0,0,0,0,0,0,0,0,0
Saint-Barthélemy,50,2094,484,416,0,0,0,0,0,0,0,0,0,0,0,0,0,0,0,0,0,0,0,0,0,0,0,0,0
Saint-Barthélemy,75,2094,307,236,0,0,0,0,0,0,0,0,0,0,0,0,0,0,0,0,0,0,0,0,0,0,0,0,0
Saint-Martin,0,5616,5616,5616,2,5,3,2,5,3,3,3,1,1,10,4,2,1,0,0,8,0,1,2,2,0,0,4,0
Saint-Martin,10,5616,2049,1942,2,5,3,2,5,3,3,3,1,1,10,4,2,1,0,0,5,0,1,2,2,0,0,4,0
Saint-Martin,15,5616,1979,1929,2,5,3,2,5,3,3,3,1,1,10,4,2,1,0,0,5,0,1,2,2,0,0,4,0
Saint-Martin,20,5616,1936,1901,2,5,3,2,5,3,3,3,1,1,10,4,2,1,0,0,4,0,1,2,2,0,0,4,0
Saint-Martin,25,5616,1898,1874,2,5,3,2,5,3,3,3,1,1,10,4,2,1,0,0,4,0,1,2,2,0,0,4,0
Saint-Martin,30,5616,1849,1824,2,5,3,2,5,3,3,3,1,1,10,3,2,1,0,0,4,0,1,2,2,0,0,4,0
Saint-Martin,50,5616,1681,1547,2,5,3,2,4,3,3,2,1,1,9,3,2,1,0,0,4,0,1,2,2,0,0,4,0
Saint-Martin,75,5616,1388,1173,2,5,3,2,4,2,2,1,0,1,8,3,1,1,0,0,2,0,1,2,2,0,0,4,0
SaintPierreandMiquelon,0,45326,45326,45326,0,0,0,0,0,0,0,0,0,0,0,0,10,2,0,0,0,1,1,2,1,0,0,1,0
SaintPierreandMiquelon,10,45326,12131,23108,0,0,0,0,0,0,0,0,0,0,0,0,9,1,0,0,0,0,1,2,0,0,0,1,0
SaintPierreandMiquelon,15,45326,11599,21678,0,0,0,0,0,0,0,0,0,0,0,0,9,1,0,0,0,0,1,2,0,0,0,1,0
SaintPierreandMiquelon,20,45326,11377,21234,0,0,0,0,0,0,0,0,0,0,0,0,9,1,0,0,0,0,1,1,0,0,0,1,0
SaintPierreandMiquelon,25,45326,11158,20895,0,0,0,0,0,0,0,0,0,0,0,0,9,1,0,0,0,0,1,1,0,0,0,1,0
SaintPierreandMiquelon,30,45326,10908,20356,0,0,0,0,0,0,0,0,0,0,0,0,9,1,0,0,0,0,1,1,0,0,0,1,0
SaintPierreandMiquelon,50,45326,8292,15630,0,0,0,0,0,0,0,0,0,0,0,0,9,1,0,0,0,0,1,1,0,0,0,1,0
SaintPierreandMiquelon,75,45326,2289,6656,0,0,0,0,0,0,0,0,0,0,0,0,0,1,0,0,0,0,0,0,0,0,0,1,0
San Marino,0,6121,6121,6121,0,1,0,1,0,0,2,1,0,0,0,0,0,0,0,0,1,1,1,0,0,0,2,0,0
San Marino,10,6121,1105,1182,0,0,0,1,0,0,1,0,0,0,0,0,0,0,0,0,0,0,1,0,0,0,1,0,0
San Marino,15,6121,1054,1068,0,0,0,1,0,0,1,0,0,0,0,0,0,0,0,0,0,0,1,0,0,0,1,0,0
San Marino,20,6121,1007,1055,0,0,0,1,0,0,1,0,0,0,0,0,0,0,0,0,0,0,1,0,0,0,1,0,0
San Marino,25,6121,929,1031,0,0,0,1,0,0,1,0,0,0,0,0,0,0,0,0,0,0,1,0,0,0,0,0,0
San Marino,30,6121,829,984,0,0,0,1,0,0,1,0,0,0,0,0,0,0,0,0,0,0,1,0,0,0,0,0,0
San Marino,50,6121,596,725,0,0,0,0,0,0,1,0,0,0,0,0,0,0,0,0,0,0,1,0,0,0,0,0,0
San Marino,75,6121,263,402,0,0,0,0,0,0,0,0,0,0,0,0,0,0,0,0,0,0,0,0,0,0,0,0,0
Saudi Arabia,0,192301611,192301611,192301611,2,0,0,1,0,0,2,0,1,0,0,18,31,8,0,0,0,0,0,0,0,0,34,8,13
Saudi Arabia,10,192301611,32,485,2,0,0,1,0,0,1,0,0,0,0,0,0,0,0,0,0,0,0,0,0,0,0,0,0
Saudi Arabia,15,192301611,14,85,2,0,0,1,0,0,1,0,0,0,0,0,0,0,0,0,0,0,0,0,0,0,0,0,0
Saudi Arabia,20,192301611,7,0,0,0,0,0,0,0,0,0,0,0,0,0,0,0,0,0,0,0,0,0,0,0,0,0,0
Saudi Arabia,25,192301611,7,0,0,0,0,0,0,0,0,0,0,0,0,0,0,0,0,0,0,0,0,0,0,0,0,0,0
Saudi Arabia,30,192301611,7,0,0,0,0,0,0,0,0,0,0,0,0,0,0,0,0,0,0,0,0,0,0,0,0,0,0
Saudi Arabia,50,192301611,7,0,0,0,0,0,0,0,0,0,0,0,0,0,0,0,0,0,0,0,0,0,0,0,0,0,0
Saudi Arabia,75,192301611,0,0,0,0,0,0,0,0,0,0,0,0,0,0,0,0,0,0,0,0,0,0,0,0,0,0,0
Senegal,0,19689014,19689014,19689014,4197,17060,3025,2803,16508,5349,13700,1613,8295,6209,1753,4075,14675,7534,3929,4260,7825,4082,4222,5078,3877,4215,7394,8923,7869
Senegal,10,19689014,4785226,4255791,4089,16291,2839,2737,15982,5145,13325,1560,8042,6092,1705,3935,13731,6995,3597,4136,7592,3933,4086,4887,3581,3887,6081,7564,6347
Senegal,15,19689014,2403995,2363399,1710,5884,932,1698,4892,1789,5426,1037,4241,3706,1160,2077,9753,5065,2903,3396,6316,3323,3395,4398,2648,3008,3811,4991,3700
Senegal,20,19689014,289086,316155,186,397,75,329,168,123,426,490,534,514,308,289,1878,1288,1211,1278,2139,1255,1159,2490,774,1055,891,1173,948
Senegal,25,19689014,173410,250021,130,300,59,230,119,83,312,437,350,334,226,215,1232,981,925,910,1450,921,832,1971,557,796,581,767,647
Senegal,30,19689014,39568,47869,71,164,38,128,72,41,172,285,161,154,117,85,375,327,294,254,392,301,278,758,177,289,162,154,169
Senegal,50,19689014,2065,3755,16,51,10,41,30,9,28,72,23,30,29,11,14,8,9,11,17,11,7,28,9,9,4,5,5
Senegal,75,19689014,52,210,1,6,2,6,4,1,2,2,2,2,3,0,0,0,0,0,0,0,0,0,0,0,0,0,0
Serbia,0,7823151,7823151,7823151,2398,1159,885,2681,1588,1942,2320,3337,2553,2493,2258,3695,3023,4672,2978,4985,3994,4268,4334,5457,4537,5041,9248,5089,6998
Serbia,10,7823151,3026394,2783320,2386,1142,869,2649,1560,1902,2274,3283,2517,2470,2225,3555,2871,4468,2855,4748,3663,4035,4050,5088,4174,4613,8115,4395,6027
Serbia,15,7823151,2943417,2673495,2384,1139,868,2644,1556,1898,2268,3276,2513,2467,2222,3534,2853,4445,2844,4732,3636,4016,4032,5064,4151,4591,8056,4350,5965
Serbia,20,7823151,2901868,2637149,2383,1138,867,2642,1554,1895,2263,3271,2510,2465,2219,3523,2843,4432,2838,4717,3619,4003,4008,5037,4128,4566,7993,4316,5917
Serbia,25,7823151,2839068,2585097,2381,1136,866,2640,1552,1893,2258,3264,2508,2464,2214,3504,2828,4415,2831,4703,3602,3992,3993,5020,4106,4544,7951,4292,5873
Serbia,30,7823151,2730305,2524654,2380,1135,865,2638,1551,1891,2254,3260,2507,2462,2210,3478,2798,4388,2816,4676,3571,3966,3962,4987,4072,4506,7866,4240,5788
Serbia,50,7823151,2504398,2226086,2348,1119,856,2610,1535,1870,2201,3190,2489,2447,2183,3330,2667,4250,2749,4553,3438,3843,3839,4859,3931,4357,7555,4038,5486
Serbia,75,7823151,1918043,1265913,2230,1060,822,2504,1481,1794,2042,2958,2404,2375,2090,3043,2114,3534,2268,3761,2710,3135,3089,4073,3141,3485,5901,3191,4182
Seychelles,0,20267,20267,20267,1,0,0,0,0,0,0,0,0,0,0,1,2,3,0,0,0,0,1,0,0,0,0,1,1
Seychelles,10,20267,12615,12350,1,0,0,0,0,0,0,0,0,0,0,1,2,2,0,0,0,0,1,0,0,0,0,1,1
Seychelles,15,20267,10854,10252,1,0,0,0,0,0,0,0,0,0,0,1,2,2,0,0,0,0,1,0,0,0,0,1,0
Seychelles,20,20267,8053,7804,0,0,0,0,0,0,0,0,0,0,0,1,2,2,0,0,0,0,1,0,0,0,0,1,0
Seychelles,25,20267,7046,6195,0,0,0,0,0,0,0,0,0,0,0,1,1,2,0,0,0,0,1,0,0,0,0,1,0
Seychelles,30,20267,6209,5606,0,0,0,0,0,0,0,0,0,0,0,1,1,2,0,0,0,0,1,0,0,0,0,1,0
Seychelles,50,20267,2881,3867,0,0,0,0,0,0,0,0,0,0,0,1,0,2,0,0,0,0,1,0,0,0,0,1,0
Seychelles,75,20267,301,430,0,0,0,0,0,0,0,0,0,0,0,0,0,0,0,0,0,0,1,0,0,0,0,0,0
Sierra Leone,0,7260138,7260138,7260138,19099,15684,9407,4109,7214,29365,22116,21161,31057,8928,35011,16861,175449,167005,238707,181909,237383,194641,181263,159962,117266,123788,103699,137876,111063
Sierra Leone,10,7260138,7137727,7107898,19098,15680,9406,4108,7212,29363,22116,21160,31055,8926,35007,16855,175371,166940,238620,181859,237315,194565,181192,159901,117219,123734,103639,137798,110991
Sierra Leone,15,7260138,7022357,6956225,19087,15658,9389,4104,7201,29327,22108,21150,31023,8915,34979,16839,175236,166834,238531,181798,237241,194442,181053,159801,117131,123655,103537,137622,110786
Sierra Leone,20,7260138,6185244,6211947,18928,15515,9289,4078,7080,29015,22039,21078,30851,8863,34568,16683,173507,164885,237153,180799,236132,192105,178936,157880,115356,122233,101928,134169,107859
Sierra Leone,25,7260138,6073504,5936611,18876,15481,9255,4068,7044,28926,22014,21052,30799,8850,34457,16643,173059,164449,236635,180437,235749,191559,178437,157432,115021,121924,101604,133609,107386
Sierra Leone,30,7260138,5617880,5426960,18596,15310,9099,4020,6872,28526,21878,20925,30546,8782,33929,16356,170277,161513,232762,177687,232753,188218,175467,154641,113033,119929,99682,130669,104934
Sierra Leone,50,7260138,3589288,3150655,16583,13728,8022,3491,5812,24614,19766,19232,27669,7992,28830,13464,131503,117931,170307,130287,177136,140291,131366,114907,85505,91014,74865,95628,77928
Sierra Leone,75,7260138,242582,393682,5753,2844,2384,909,1508,6861,5548,5823,6643,1900,6796,906,3019,1678,2894,2644,4008,2829,3033,2549,2744,2876,2660,2906,2536
Singapore,0,69701,69701,69701,49,129,21,40,93,60,78,36,181,47,81,100,40,352,422,372,537,459,568,234,330,173,468,176,229
Singapore,10,69701,21827,23270,45,126,19,37,86,57,76,36,178,45,75,94,28,208,170,177,294,316,313,173,213,108,209,73,100
Singapore,15,69701,20370,22198,45,125,19,36,85,57,75,35,178,45,75,93,27,203,165,169,284,308,304,171,209,107,202,70,95
Singapore,20,69701,19964,21819,44,124,19,36,83,57,75,35,177,44,74,93,27,199,162,163,277,302,299,169,206,106,197,68,93
Singapore,25,69701,19388,21301,44,124,19,35,83,57,75,35,177,44,74,92,27,197,160,161,273,299,296,168,205,105,195,67,91
Singapore,30,69701,18783,20633,43,124,19,35,82,56,74,35,177,44,74,92,26,191,155,154,263,289,288,165,201,103,186,64,87
Singapore,50,69701,16768,18074,40,116,17,32,77,53,71,35,171,42,71,88,24,171,133,132,232,259,264,154,189,97,165,54,77
Singapore,75,69701,11502,14072,26,87,10,18,52,41,58,30,144,30,62,70,16,87,70,73,133,146,179,114,133,73,94,25,47
Sint Maarten,0,3802,3802,3802,2,1,2,1,4,2,7,2,3,0,3,0,3,0,0,0,8,0,0,0,0,1,1,2,1
Sint Maarten,10,3802,1139,916,1,1,2,1,4,2,6,2,3,0,3,0,3,0,0,0,5,0,0,0,0,1,1,1,0
Sint Maarten,15,3802,1098,909,1,1,2,1,4,2,6,2,3,0,3,0,3,0,0,0,5,0,0,0,0,1,0,1,0
Sint Maarten,20,3802,1070,899,1,1,2,1,4,2,6,2,3,0,3,0,3,0,0,0,5,0,0,0,0,1,0,1,0
Sint Maarten,25,3802,1050,884,1,0,2,1,4,2,6,2,3,0,3,0,3,0,0,0,5,0,0,0,0,1,0,1,0
Sint Maarten,30,3802,1022,852,1,0,2,1,4,2,5,2,3,0,3,0,3,0,0,0,5,0,0,0,0,1,0,1,0
Sint Maarten,50,3802,914,694,1,0,1,1,3,2,3,1,2,0,2,0,2,0,0,0,4,0,0,0,0,1,0,1,0
Sint Maarten,75,3802,717,466,1,0,1,1,2,1,1,1,2,0,2,0,1,0,0,0,3,0,0,0,0,1,0,1,0
Slovakia,0,4909564,4909564,4909564,3922,4037,3777,4659,27783,8067,9547,13536,11300,17165,11582,9262,5231,17688,5431,17187,14448,17876,10476,12131,6224,5446,10302,7961,9737
Slovakia,10,4909564,2490408,2478237,3909,4023,3759,4637,27725,8039,9510,13495,11257,17125,11561,9202,5115,17442,5316,16999,14276,17747,10370,11996,6125,5245,9915,7693,9541
Slovakia,15,4909564,2457174,2427861,3902,4019,3755,4633,27701,8033,9500,13483,11250,17114,11553,9192,5102,17420,5305,16981,14257,17729,10359,11980,6115,5232,9893,7681,9519
Slovakia,20,4909564,2439323,2417832,3900,4017,3752,4628,27686,8027,9492,13473,11244,17107,11549,9182,5095,17405,5300,16970,14242,17722,10351,11971,6111,5223,9882,7673,9508
Slovakia,25,4909564,2422593,2396897,3899,4015,3751,4626,27679,8025,9489,13470,11241,17104,11547,9177,5088,17391,5294,16960,14231,17714,10345,11962,6107,5217,9871,7663,9496
Slovakia,30,4909564,2396835,2375292,3897,4015,3750,4625,27674,8023,9486,13465,11238,17100,11544,9170,5076,17366,5283,16942,14212,17698,10332,11948,6098,5207,9851,7651,9474
Slovakia,50,4909564,2298120,2251552,3857,3974,3706,4576,27427,7962,9392,13337,11160,16986,11454,9078,4999,17185,5208,16813,14079,17574,10245,11851,6030,5132,9741,7575,9343
Slovakia,75,4909564,2016783,1878561,3633,3738,3440,4294,25716,7577,8747,12544,10690,16268,10842,8574,4551,16087,4787,15861,13223,16697,9641,11243,5702,4780,9168,7124,8695
Slovenia,0,1995674,1995674,1995674,625,738,538,1285,1990,1277,2137,1896,1978,1445,1448,937,679,5447,1069,5533,5044,8311,3508,3956,2396,3042,4752,3879,3449
Slovenia,10,1995674,1340260,1309816,617,729,530,1271,1957,1255,2110,1868,1960,1433,1436,921,647,5404,1032,5416,4921,8240,3464,3898,2258,2892,4653,3773,3362
Slovenia,15,1995674,1322017,1289174,614,727,529,1269,1952,1252,2106,1863,1955,1431,1434,917,644,5398,1029,5406,4911,8233,3458,3892,2248,2881,4644,3764,3353
Slovenia,20,1995674,1314676,1283990,614,726,529,1269,1948,1250,2104,1860,1953,1431,1433,914,642,5396,1028,5400,4905,8230,3456,3888,2242,2876,4639,3758,3348
Slovenia,25,1995674,1306689,1274510,613,726,528,1268,1945,1249,2102,1856,1951,1430,1432,910,640,5393,1027,5396,4897,8224,3452,3882,2236,2866,4633,3751,3342
Slovenia,30,1995674,1291918,1264052,612,725,528,1267,1942,1248,2100,1854,1948,1429,1430,904,636,5386,1023,5389,4888,8215,3444,3874,2227,2851,4621,3742,3331
Slovenia,50,1995674,1245579,1208717,599,712,513,1240,1884,1219,2066,1815,1916,1411,1411,867,614,5351,1008,5350,4829,8167,3407,3832,2182,2770,4554,3691,3279
Slovenia,75,1995674,1115284,1022214,521,639,423,1125,1668,1096,1844,1636,1749,1314,1300,738,532,5188,954,5163,4592,7871,3190,3637,2001,2345,4226,3453,3049
Solomon Islands,0,2853275,2853275,2853275,2189,3872,2381,3548,6559,5073,5673,8185,6111,6429,5970,8852,9581,17215,15143,18279,19931,17961,16687,14689,12146,14640,9762,11191,7981
Solomon Islands,10,2853275,2750130,2737079,2188,3868,2377,3544,6553,5070,5668,8174,6037,6422,5863,8815,9493,16981,15006,18044,19792,17845,16576,14616,12023,14529,9607,11082,7888
Solomon Islands,15,2853275,2747003,2732863,2188,3867,2377,3544,6552,5069,5667,8173,6036,6421,5862,8814,9487,16970,14996,18028,19785,17840,16569,14612,12017,14521,9598,11075,7881
Solomon Islands,20,2853275,2745100,2731716,2187,3867,2376,3543,6551,5069,5667,8172,6035,6420,5861,8810,9479,16958,14987,18015,19773,17834,16559,14608,12011,14514,9591,11070,7875
Solomon Islands,25,2853275,2743943,2729916,2187,3867,2375,3543,6551,5069,5666,8172,6035,6419,5861,8809,9476,16951,14982,18007,19768,17832,16555,14604,12007,14509,9587,11067,7872
Solomon Islands,30,2853275,2741593,2727125,2187,3866,2375,3543,6549,5068,5665,8171,6035,6418,5860,8807,9471,16939,14970,17993,19762,17825,16551,14599,11999,14502,9578,11062,7865
Solomon Islands,50,2853275,2731791,2694496,2186,3862,2372,3541,6545,5063,5661,8166,6028,6412,5854,8793,9439,16883,14929,17933,19724,17796,16522,14577,11971,14473,9543,11029,7826
Solomon Islands,75,2853275,2687645,2638689,2169,3829,2349,3516,6490,5024,5619,8113,5954,6351,5799,8701,9278,16549,14654,17597,19520,17644,16318,14428,11821,14257,9399,10873,7642
Somalia,0,63353088,63353088,63353088,1064,947,478,664,939,336,902,691,656,362,520,1999,4110,2418,476,577,2075,524,1599,1073,1498,789,1124,1749,1958
Somalia,10,63353088,3886023,3118717,989,910,447,604,900,305,839,610,608,329,452,1401,2366,1465,325,448,1431,285,1257,757,1091,520,732,948,1347
Somalia,15,63353088,1331603,1389333,814,777,368,500,791,250,734,516,544,286,384,910,1639,790,186,339,1031,166,1007,601,763,389,583,714,980
Somalia,20,63353088,174486,324547,484,356,160,302,444,158,389,327,372,173,235,357,556,245,96,151,498,67,582,326,310,217,305,301,436
Somalia,25,63353088,134816,261621,452,326,147,284,402,149,359,306,354,162,218,275,424,187,80,117,406,55,496,257,249,186,212,217,334
Somalia,30,63353088,87128,146473,339,251,105,215,272,119,271,250,307,140,185,195,316,123,66,86,305,44,374,155,169,126,105,141,218
Somalia,50,63353088,15648,27803,145,98,50,76,51,47,81,98,152,79,91,60,95,31,21,26,122,15,154,38,41,29,17,45,50
Somalia,75,63353088,1090,4123,34,13,10,10,4,4,7,4,11,14,11,5,4,1,0,1,4,0,5,3,1,0,1,2,1
South Africa,0,121971045,121971045,121971045,87105,52923,100090,79581,113894,115524,59549,88420,74431,68027,82977,114723,119003,133666,139703,135034,188157,118086,140880,107718,95276,81814,62459,83732,68879
South Africa,10,121971045,22212938,22431625,86783,52633,99640,79001,113387,114887,58607,88045,74023,67669,80142,105233,92042,112245,112873,116624,157635,101627,119976,93979,82386,68492,52192,69576,55510
South Africa,15,121971045,13481086,14650089,85427,51796,98542,77983,111936,113269,55977,86944,72875,66699,77993,99504,80365,99368,99682,104490,139752,91161,107401,85275,73719,60161,45188,60137,46539
South Africa,20,121971045,7708866,7312506,81420,49700,95481,75324,108091,109045,50606,84027,69754,63981,73246,90578,64918,80759,81262,85889,110980,74448,88300,71180,60192,48139,35199,47003,34117
South Africa,25,121971045,7121255,6475344,80619,49244,94848,74706,107289,108066,49714,83371,69118,63453,72317,88948,61971,77125,76944,81978,104986,70855,83823,68251,57632,45825,33170,44480,31698
South Africa,30,121971045,5983121,5282117,77645,47680,92573,72602,104652,104944,47105,81376,67279,61759,69617,84897,56369,69667,70157,73546,94056,63667,76140,62247,52068,40980,29571,39557,27424
South Africa,50,121971045,3163005,3114827,69583,43178,85099,65561,96011,94686,40788,73425,60692,55250,61287,72455,37710,45243,44015,46080,60122,40425,47814,39803,32887,24878,17766,22765,15202
South Africa,75,121971045,1082119,957689,32134,20258,43652,33699,57874,55292,22430,43954,37657,34220,35443,40954,15482,17550,16979,16614,22034,14305,16009,13354,11066,8587,6037,7133,4553
South Korea,0,10053628,10053628,10053628,6520,5527,4439,13481,10838,12528,9973,17888,19984,16828,13425,17880,10800,15006,19084,25537,23589,24427,23120,22819,19556,28741,26517,19467,98907
South Korea,10,10053628,5777297,5596504,5819,4972,3879,12068,9524,10891,8627,14995,17322,15046,12179,16504,9947,14025,18051,23713,21806,22927,21658,21146,18216,26793,23103,16760,90612
South Korea,15,10053628,5648126,5398888,5724,4898,3817,11908,9393,10710,8495,14765,17111,14897,12048,16332,9836,13887,17892,23445,21544,22682,21425,20889,18011,26511,22681,16454,89554
South Korea,20,10053628,5578699,5355179,5627,4818,3732,11694,9201,10480,8317,14437,16802,14690,11901,16197,9763,13792,17784,23252,21379,22505,21271,20730,17863,26330,22443,16272,89047
South Korea,25,10053628,5496401,5267728,5537,4733,3639,11482,8993,10236,8154,14129,16506,14500,11772,16046,9645,13644,17610,22976,21122,22235,21064,20501,17661,26069,22141,16037,88306
South Korea,30,10053628,5368013,5106572,5504,4705,3612,11408,8924,10149,8097,14022,16416,14429,11719,15942,9477,13426,17341,22558,20757,21848,20731,20122,17342,25660,21640,15651,86981
South Korea,50,10053628,4518622,4088235,4195,3692,2754,9148,7002,7877,6534,11272,13864,12682,10448,14039,7680,11102,14550,18680,17267,17992,17474,16455,14238,21776,17505,12686,74544
South Korea,75,10053628,1668978,1456551,1479,1446,1079,3626,2789,3065,3007,4710,5770,6083,5496,7639,1719,3083,4284,5561,5320,5397,5349,4982,4339,6211,4909,3736,26183
South Sudan,0,62809894,62809894,62809894,10779,13414,4710,18315,16451,15119,17119,14744,17478,7880,13751,16516,13059,12310,3541,4984,9169,3748,4745,3219,4747,5526,16412,15671,20762
South Sudan,10,62809894,42730241,45730101,10657,13181,4623,18144,16200,15009,16940,14657,17235,7765,13671,16198,11690,11864,3510,4940,9080,3702,4703,3160,4611,5344,15096,14508,18557
South Sudan,15,62809894,32587571,35010327,8866,12096,3976,16759,15187,14144,15296,13860,14956,7045,13112,14220,10118,10921,3314,4835,8757,3526,4569,3008,4174,5076,13277,12772,16636
South Sudan,20,62809894,18668016,20110711,6347,9893,2795,13028,12709,11290,11706,11244,10646,5278,10765,9580,6843,8451,2781,4407,7570,3013,4143,2607,3256,4141,8551,8017,11257
South Sudan,25,62809894,16950928,18572109,5883,9508,2588,12338,12173,10669,11044,10627,9876,4844,10224,8688,6402,8068,2709,4330,7405,2934,4064,2550,3148,3982,7966,7429,10551
South Sudan,30,62809894,11386557,13259457,4906,8149,2063,10443,10566,8963,9523,9009,8058,3879,9012,6707,4932,6751,2460,4068,6856,2641,3753,2326,2812,3463,6182,5577,8372
South Sudan,50,62809894,4111870,4603822,2705,3971,1049,4985,4724,3719,4810,4148,3819,2247,5441,3326,2604,4439,1866,3317,5334,2021,2670,1833,2145,2583,4151,3523,5728
South Sudan,75,62809894,177993,523736,741,717,290,893,668,717,880,565,624,525,1180,628,214,471,334,617,1022,335,661,443,441,485,638,476,1214
Spain,0,50604331,50604331,50604331,37126,43143,27409,77341,57363,81257,67444,49741,75002,60553,43794,98758,89002,102404,90155,151686,146509,163040,103858,147097,125310,192634,128700,110237,250995
Spain,10,50604331,14325911,12569203,35372,40209,25161,71780,52589,76539,63216,46422,70491,57973,40937,88496,71349,81901,72337,119844,113409,131765,79477,113507,95931,155751,98479,86147,188630
Spain,15,50604331,13060550,11606253,33856,38731,23960,69092,50439,74277,61482,45206,68785,56932,40312,85872,69717,80157,70798,116809,109086,128582,77303,110416,93152,150996,94517,83868,180456
Spain,20,50604331,12477423,11435190,33609,38391,23749,68536,49965,73791,61096,44906,68373,56633,39978,84398,67617,78064,68975,113718,105765,125553,75291,107490,90599,146639,92106,82046,174877
Spain,25,50604331,11746682,10864327,33479,38213,23645,68197,49697,73431,60824,44701,68110,56434,39746,83262,65952,76334,67372,111015,102672,122977,73481,105125,88503,142595,89162,80342,169760
Spain,30,50604331,11018935,10435475,32811,37699,23315,67273,48955,72719,60256,44288,67545,56093,39325,80496,63956,74226,65414,107562,98459,119649,71022,101988,85792,137821,85869,78036,162796
Spain,50,50604331,8099439,7564959,27245,31062,19406,55929,40399,62755,53292,39289,58930,50391,35253,62064,49991,59532,51991,86291,74271,98600,57944,82572,68556,101444,67940,64395,121375
Spain,75,50604331,5246619,5134943,18424,19852,12143,35219,25414,41123,36978,27594,39742,36189,26570,42622,29983,36559,31712,53287,44274,66489,38533,54955,44135,61766,42992,43056,74790
Sri Lanka,0,6583717,6583717,6583717,3927,3653,3293,6274,4998,8474,11344,6888,15187,7529,16013,18804,11805,18648,8550,22463,16309,17071,12633,14864,15992,10434,16191,15683,22312
Sri Lanka,10,6583717,4241155,3886910,3830,3506,3203,5850,4792,7964,10602,6619,14402,7335,15132,15072,8525,13214,7656,18542,13777,13965,10775,11878,13953,8851,12621,12607,16647
Sri Lanka,15,6583717,4168251,3724511,3810,3482,3184,5772,4762,7883,10484,6582,14275,7306,15011,14886,8372,12985,7591,18267,13606,13753,10659,11706,13794,8741,12394,12414,16319
Sri Lanka,20,6583717,4117760,3686156,3791,3462,3169,5707,4722,7822,10386,6550,14136,7276,14899,14755,8251,12784,7534,18000,13431,13571,10557,11556,13632,8641,12186,12242,16031
Sri Lanka,25,6583717,4041268,3606522,3776,3445,3160,5653,4701,7776,10314,6523,14069,7251,14825,14587,8113,12589,7485,17799,13282,13397,10463,11424,13511,8547,11994,12061,15716
Sri Lanka,30,6583717,3939917,3532225,3760,3428,3149,5599,4682,7731,10242,6500,13974,7231,14737,14428,7953,12351,7403,17490,13066,13161,10307,11216,13296,8412,11721,11775,15243
Sri Lanka,50,6583717,3546033,3032485,3535,3183,2995,4927,4383,7094,9175,6084,12668,6839,13558,13189,7096,10932,6913,15583,11845,11797,9444,10070,12108,7633,10320,10450,13136
Sri Lanka,75,6583717,2617449,1963581,2664,2266,2336,2830,3227,4715,5332,4226,6962,4654,8490,9110,4557,7084,4740,9865,8108,7661,6468,6448,7735,4922,6312,6599,7622
Sudan,0,187213282,187213282,187213282,547,612,276,354,518,207,867,514,886,482,1126,702,1537,1298,85,189,441,99,185,170,172,170,21720,18052,37324
Sudan,10,187213282,4288707,4732191,431,557,227,261,445,169,676,397,764,454,936,500,291,308,41,110,402,86,161,141,139,150,1331,1038,1747
Sudan,15,187213282,1180823,1466341,202,417,121,93,295,80,477,270,400,381,643,200,136,111,29,96,320,75,148,132,127,134,332,300,297
Sudan,20,187213282,324509,318569,61,199,41,30,156,21,291,102,170,131,346,39,32,25,10,49,129,43,96,108,76,71,96,80,66
Sudan,25,187213282,246794,293528,47,157,34,24,143,13,263,89,146,109,303,28,23,16,9,39,109,37,86,102,68,61,57,60,43
Sudan,30,187213282,72713,72598,27,76,19,13,100,4,185,55,81,42,205,13,9,6,8,27,75,16,56,67,50,43,23,28,16
Sudan,50,187213282,1171,2624,2,4,5,0,5,1,21,5,11,1,19,1,0,0,0,0,0,0,0,0,0,0,0,0,0
Sudan,75,187213282,1,10,0,0,0,0,0,0,0,0,0,0,0,0,0,0,0,0,0,0,0,0,0,0,0,0,0
Suriname,0,14642538,14642538,14642538,3702,3731,4586,5463,3527,3418,3638,7538,7395,7014,5706,19618,10322,15147,12169,17270,18357,19220,18724,15376,12591,14712,27503,36255,14828
Suriname,10,14642538,13982196,14043999,3692,3722,4555,5437,3518,3408,3630,7518,7372,7005,5699,19524,10223,14820,11958,16957,18071,19040,18504,15135,12290,14564,26297,34407,14497
Suriname,15,14642538,13972073,14040994,3692,3720,4553,5434,3516,3407,3629,7517,7370,7004,5698,19519,10219,14803,11948,16935,18059,19030,18491,15126,12284,14560,26250,34276,14479
Suriname,20,14642538,13964148,14026605,3691,3719,4549,5429,3514,3405,3628,7515,7367,7002,5698,19513,10214,14787,11936,16912,18043,19022,18477,15113,12274,14555,26208,34147,14459
Suriname,25,14642538,13955312,14016859,3690,3718,4548,5426,3513,3405,3627,7512,7365,7001,5697,19507,10208,14760,11926,16890,18028,19009,18462,15101,12267,14548,26143,34072,14450
Suriname,30,14642538,13949795,13997713,3689,3717,4546,5423,3512,3404,3626,7511,7362,7000,5697,19502,10203,14748,11921,16878,18018,19001,18454,15096,12262,14542,26116,34034,14442
Suriname,50,14642538,13913252,13901616,3675,3699,4468,5363,3495,3387,3609,7478,7295,6975,5683,19441,10170,14664,11879,16775,17942,18947,18396,15045,12226,14511,25899,33766,14376
Suriname,75,14642538,13856520,13786135,3645,3657,4343,5237,3436,3337,3561,7386,7159,6918,5649,19276,10074,14498,11785,16601,17802,18836,18271,14942,12166,14428,25603,33288,14268
Swaziland,0,1738319,1738319,1738319,7526,4247,6285,5792,4862,11187,6923,5148,11141,7408,3459,4534,4328,7377,5178,7906,10497,4972,7374,5714,6267,4091,3515,4365,3266
Swaziland,10,1738319,1461232,1380074,7520,4244,6277,5789,4858,11180,6920,5144,11137,7406,3408,4220,4145,6871,4689,7156,9668,3620,6232,4772,5489,3713,3292,4118,2899
Swaziland,15,1738319,1075593,1110360,7438,4217,6217,5753,4831,11032,6882,5105,11092,7369,3308,4034,3938,6372,4316,6539,8851,2981,5617,4133,4967,3343,3043,3771,2534
Swaziland,20,1738319,648044,631509,7036,3990,5959,5555,4682,10155,6668,4860,10877,7040,2944,3758,3527,5567,3652,5511,7341,2309,4784,3265,3980,2570,2488,3081,1975
Swaziland,25,1738319,597248,571133,6972,3953,5913,5521,4653,10025,6625,4814,10827,6968,2883,3704,3423,5411,3545,5330,7087,2204,4612,3104,3781,2425,2370,2923,1882
Swaziland,30,1738319,469223,420921,6735,3800,5760,5364,4535,9431,6469,4582,10654,6660,2622,3527,3126,4961,3216,4802,6377,1920,4117,2684,3160,1937,2035,2429,1617
Swaziland,50,1738319,199648,185227,6228,3490,5360,4986,4247,8378,6104,4223,9899,5760,2155,3092,2448,3659,2257,3333,4363,1237,2713,1661,1764,1026,1238,1240,904
Swaziland,75,1738319,60240,25438,3641,2350,3326,3352,2863,5769,4691,2905,7040,3433,1144,1721,1197,1695,1207,1431,1608,397,745,541,490,277,246,291,248
Sweden,0,45004552,45004552,45004552,145725,179194,93009,272706,249816,250227,183771,295243,209047,264392,206074,237266,200925,247269,220688,318668,342696,298948,341775,350671,342733,341495,325394,329154,305559
Sweden,10,45004552,29457026,31239098,145500,178929,92906,272380,249411,249853,183448,294728,208769,264122,205650,235531,198705,244112,217414,312886,334270,292614,335477,342841,335721,332869,316899,318970,295175
Sweden,15,45004552,28729574,30293018,145221,178595,92766,271979,248987,249490,183160,294196,208516,263892,205480,235164,198224,243398,216791,311768,332950,291545,334366,341636,334646,331653,315706,317533,293702
Sweden,20,45004552,28562849,30124800,145066,178412,92682,271737,248721,249259,182963,293914,208337,263729,205386,235064,198109,243212,216630,311439,332543,291228,334011,341238,334269,331222,315266,317002,293167
Sweden,25,45004552,28277924,29634882,145021,178360,92655,271666,248662,249212,182923,293845,208306,263697,205360,234983,197911,242930,216372,310978,331995,290777,333533,340706,333790,330646,314654,316240,292340
Sweden,30,45004552,27883712,29064874,144927,178264,92619,271564,248560,249126,182858,293724,208258,263646,205321,234883,197658,242523,216031,310348,331217,290151,332891,339968,333157,329903,313926,315359,291434
Sweden,50,45004552,24023216,25417469,142676,175486,91416,267899,244874,245600,180730,289328,206431,261749,203937,232296,192942,235974,210405,300642,320577,281341,323280,329764,323885,319885,304091,303824,279980
Sweden,75,45004552,15424344,16924271,128095,157884,83754,245051,225717,226624,169568,266800,194459,247690,194259,215843,157104,189736,169477,239647,254084,224490,259657,263345,261563,257304,243894,239913,217607
Switzerland,0,4123526,4123526,4123526,1190,895,451,3886,2350,2084,1892,2455,2312,1768,1955,1548,884,1614,802,1768,2729,3265,3630,4025,3607,2029,3201,4393,3899
Switzerland,10,4123526,1650007,1663089,1171,885,436,3845,2327,2057,1860,2428,2284,1745,1943,1526,808,1519,779,1691,2564,3157,3537,3940,3477,1983,3135,4244,3755
Switzerland,15,4123526,1602141,1613290,1169,883,434,3838,2324,2054,1857,2423,2280,1741,1942,1522,804,1513,776,1687,2557,3149,3531,3935,3469,1981,3129,4232,3746
Switzerland,20,4123526,1586395,1605747,1167,882,433,3834,2323,2053,1855,2421,2278,1740,1941,1521,801,1511,776,1684,2553,3145,3527,3933,3466,1979,3126,4226,3741
Switzerland,25,4123526,1569484,1578165,1166,882,433,3829,2322,2051,1854,2418,2276,1739,1940,1520,798,1508,774,1682,2550,3141,3525,3931,3461,1977,3124,4220,3736
Switzerland,30,4123526,1543999,1554048,1165,881,432,3826,2320,2049,1852,2417,2273,1738,1939,1517,793,1503,772,1679,2542,3134,3518,3928,3455,1974,3120,4212,3729
Switzerland,50,4123526,1444949,1407740,1139,864,419,3752,2297,2021,1828,2384,2243,1712,1924,1495,768,1463,758,1654,2493,3083,3469,3900,3408,1950,3082,4151,3676
Switzerland,75,4123526,1134016,1066485,1004,760,366,3360,2126,1873,1698,2176,2054,1570,1799,1367,660,1259,674,1490,2209,2768,3123,3681,3094,1767,2788,3752,3307
Syria,0,18691924,18691924,18691924,314,185,140,141,901,330,1675,928,186,283,198,6483,2006,1454,3232,2437,3211,1259,1615,4070,4930,748,3261,2143,23079
Syria,10,18691924,147267,137318,281,158,122,116,832,295,1611,862,145,253,171,5860,1482,1127,2711,2053,2507,1039,1354,3505,3612,553,2736,1317,15149
Syria,15,18691924,132122,128323,277,155,120,114,822,292,1603,855,141,250,168,5794,1446,1095,2669,1999,2438,1019,1328,3444,3454,535,2684,1252,14586
Syria,20,18691924,124772,126322,274,152,118,111,809,287,1592,844,136,246,165,5718,1415,1065,2623,1957,2383,1004,1300,3356,3306,516,2633,1192,14089
Syria,25,18691924,114056,120654,269,149,115,108,796,282,1579,837,132,242,158,5491,1324,1009,2521,1894,2274,963,1241,3195,3051,488,2523,1068,13056
Syria,30,18691924,105940,116470,267,148,115,107,792,281,1577,834,131,241,156,5371,1271,958,2393,1813,2147,903,1177,3038,2856,458,2446,987,12422
Syria,50,18691924,82138,80808,234,127,97,92,709,252,1508,776,108,216,136,4699,1100,788,2067,1527,1770,769,994,2558,2238,387,2119,777,10386
Syria,75,18691924,45522,52578,171,96,62,57,438,201,1324,667,67,169,95,3326,681,445,1162,907,993,427,580,1457,1177,216,1208,427,6075
São Tomé and Príncipe,0,100218,100218,100218,79,0,0,0,0,0,0,0,0,0,0,0,0,0,0,0,0,0,0,0,0,0,0,0,0
São Tomé and Príncipe,10,100218,15407,15407,79,0,0,0,0,0,0,0,0,0,0,0,0,0,0,0,0,0,0,0,0,0,0,0,0
São Tomé and Príncipe,15,100218,15157,15156,79,0,0,0,0,0,0,0,0,0,0,0,0,0,0,0,0,0,0,0,0,0,0,0,0
São Tomé and Príncipe,20,100218,14528,14527,77,0,0,0,0,0,0,0,0,0,0,0,0,0,0,0,0,0,0,0,0,0,0,0,0
São Tomé and Príncipe,25,100218,14452,14452,77,0,0,0,0,0,0,0,0,0,0,0,0,0,0,0,0,0,0,0,0,0,0,0,0
São Tomé and Príncipe,30,100218,14214,14214,77,0,0,0,0,0,0,0,0,0,0,0,0,0,0,0,0,0,0,0,0,0,0,0,0
São Tomé and Príncipe,50,100218,13223,13224,77,0,0,0,0,0,0,0,0,0,0,0,0,0,0,0,0,0,0,0,0,0,0,0,0
São Tomé and Príncipe,75,100218,10744,10745,76,0,0,0,0,0,0,0,0,0,0,0,0,0,0,0,0,0,0,0,0,0,0,0,0
Taiwan,0,3640653,3640653,3640653,1219,1049,1169,1920,1569,2160,1793,2375,8224,2507,1501,1561,1281,1344,1067,3995,3283,2442,1836,1942,1962,2210,3083,5310,4576
Taiwan,10,3640653,2432192,2382720,1185,1021,1142,1882,1540,2107,1750,2333,8184,2477,1474,1477,994,1104,974,3470,2727,2000,1499,1557,1552,1635,2124,3986,3272
Taiwan,15,3640653,2398954,2332965,1178,1015,1136,1875,1534,2096,1743,2325,8176,2471,1469,1471,982,1088,967,3424,2685,1971,1475,1525,1524,1599,2076,3896,3203
Taiwan,20,3640653,2383199,2323927,1174,1012,1133,1870,1530,2088,1738,2320,8170,2467,1466,1468,973,1078,960,3395,2655,1950,1460,1505,1505,1574,2043,3846,3159
Taiwan,25,3640653,2367169,2298787,1165,1008,1129,1862,1526,2081,1734,2315,8166,2464,1464,1464,966,1070,954,3372,2627,1932,1448,1488,1489,1556,2014,3809,3121
Taiwan,30,3640653,2342181,2276151,1159,1005,1125,1858,1522,2077,1730,2311,8162,2460,1461,1460,953,1054,943,3322,2584,1901,1426,1461,1463,1513,1965,3735,3057
Taiwan,50,3640653,2249940,2132312,1096,959,1083,1793,1470,1990,1671,2238,8098,2413,1426,1423,902,994,899,3118,2366,1750,1319,1328,1347,1355,1770,3419,2800
Taiwan,75,3640653,2010538,1820054,869,808,897,1574,1280,1659,1401,1922,7759,2165,1265,1268,749,792,738,2488,1804,1349,1006,975,1015,986,1309,2570,2169
Tajikistan,0,14211316,14211316,14211316,96,74,58,70,63,47,36,68,69,36,57,89,44,11,0,0,2,0,3,13,3,1,27,16,20
Tajikistan,10,14211316,172579,75643,67,40,36,25,32,22,16,38,39,14,22,32,3,1,0,0,0,0,0,1,0,1,23,2,1
Tajikistan,15,14211316,116314,51796,64,38,34,23,30,21,16,36,37,13,21,29,3,1,0,0,0,0,0,1,0,1,21,1,1
Tajikistan,20,14211316,99251,47708,63,38,32,21,29,20,15,34,36,12,20,27,2,1,0,0,0,0,0,1,0,1,20,1,1
Tajikistan,25,14211316,70017,35559,62,36,32,21,29,20,14,33,35,12,20,26,2,1,0,0,0,0,0,0,0,0,14,0,1
Tajikistan,30,14211316,60257,31673,62,36,32,20,29,19,14,33,34,11,20,26,1,1,0,0,0,0,0,0,0,0,14,0,1
Tajikistan,50,14211316,19344,6834,50,26,24,14,20,12,8,21,24,7,13,15,1,0,0,0,0,0,0,0,0,0,1,0,0
Tajikistan,75,14211316,6245,2330,25,12,9,5,7,5,4,8,11,3,4,9,0,0,0,0,0,0,0,0,0,0,0,0,0
Tanzania,0,94052972,94052972,94052972,105985,113626,140803,93063,146073,154219,187191,239447,266785,197495,190681,249333,287075,300577,162588,228590,332433,268886,213654,290623,277600,270473,405663,398589,370158
Tanzania,10,94052972,65242032,64603992,105576,112493,139176,92291,144833,151283,186159,238111,263822,196134,189853,246573,279782,292492,159158,224381,323096,261624,208717,282302,270084,262943,391852,383997,357608
Tanzania,15,94052972,54839059,53109402,102409,107137,130281,88110,135269,137178,175945,226491,240614,185390,184091,233819,267478,280820,154087,217994,305969,251067,200974,271364,258209,250721,370057,363011,336257
Tanzania,20,94052972,36451584,34462079,91816,94645,103327,76324,109415,105438,144061,190916,179349,158283,160096,186481,222003,237774,132650,186161,242789,208875,170605,226928,207451,200461,291408,287466,263477
Tanzania,25,94052972,34055617,32932654,89974,92790,99326,74456,105984,101236,139969,185567,172390,153970,156339,180390,213843,229915,128732,179399,232449,201442,165090,218855,198506,192045,278225,274619,250823
Tanzania,30,94052972,26405607,24703253,82214,85080,84067,66892,91584,85295,121683,164248,143354,138482,137796,154430,181509,198221,111960,152853,194869,171703,142771,186209,165068,160657,229025,225765,203747
Tanzania,50,94052972,9700378,8655683,54939,55813,45465,41778,48323,44955,55732,89667,63256,82007,60901,79268,87218,93047,47943,69067,91000,76632,70506,78514,70616,70067,96399,87632,74726
Tanzania,75,94052972,1231552,1113572,17645,9699,8220,6431,7994,6647,8058,11135,8405,15134,10497,11786,12513,13037,6362,9236,13083,10102,11868,11133,10389,11151,15269,9464,7220
Thailand,0,51393934,51393934,51393934,41050,69737,67437,104062,91119,117393,105879,88599,150308,152018,113082,160607,150351,212497,170951,250644,275451,197091,212163,201420,205793,200943,287180,287717,221458
Thailand,10,51393934,21911980,21330921,37924,64177,61854,96335,86786,105551,96763,82960,138092,140070,99869,124848,94537,150195,129790,185547,210529,144620,142381,131467,135170,123315,159437,158799,124830
Thailand,15,51393934,21193695,20519712,37348,63149,60719,94857,85998,103478,95267,81928,136060,138087,97767,120567,90889,145850,126929,181312,206465,141401,138540,127780,131344,119420,153810,153369,120590
Thailand,20,51393934,20863066,20212087,36880,62298,59931,93687,85330,102133,94302,81350,134838,137026,96747,118699,89184,143403,125043,178319,203173,138955,135834,125181,128683,116700,150102,149810,117822
Thailand,25,51393934,20549696,19768064,36442,61607,59166,92724,84783,100905,93432,80727,133693,135929,95674,116769,87636,141493,123663,176167,201152,137294,133981,123450,126997,114884,147634,147362,115999
Thailand,30,51393934,19955448,19265636,36093,60880,58436,91800,84259,99800,92617,80120,132625,134876,94522,114479,84738,137592,120750,171584,196353,133517,129771,119392,122794,110658,141859,141658,111551
Thailand,50,51393934,17960554,16661058,32933,54661,52261,82069,78958,89306,84327,74839,122258,124775,85572,99574,75485,123910,110291,154432,178782,120553,114952,105444,108482,96491,123011,123584,97584
Thailand,75,51393934,11039749,9681270,23487,36308,35192,55924,60505,60225,56845,51774,84373,88592,57507,61784,44685,74271,67072,91860,109144,72271,65749,60534,62373,54468,68851,71573,56151
Timor-Leste,0,1491567,1491567,1491567,689,1631,700,2110,1330,2958,1573,846,2728,668,1526,2121,823,2966,1477,2038,2585,1856,2323,2166,2048,1609,2557,1629,1781
Timor-Leste,10,1491567,844060,806589,683,1616,695,2085,1319,2942,1564,838,2667,657,1485,1941,528,2128,994,1457,1903,1373,1649,1616,1562,1228,1683,1091,1142
Timor-Leste,15,1491567,818819,754603,680,1612,694,2078,1317,2938,1561,837,2655,654,1478,1927,515,2082,967,1425,1864,1347,1618,1583,1534,1201,1639,1062,1112
Timor-Leste,20,1491567,800180,742492,679,1610,693,2074,1315,2935,1559,835,2647,652,1473,1917,504,2041,945,1398,1828,1324,1587,1559,1513,1181,1602,1033,1087
Timor-Leste,25,1491567,763613,715923,678,1606,692,2067,1313,2932,1557,834,2639,650,1466,1900,486,1963,904,1345,1772,1283,1540,1509,1473,1145,1539,989,1040
Timor-Leste,30,1491567,726235,692841,678,1605,691,2062,1311,2929,1556,833,2634,649,1463,1887,463,1883,863,1297,1713,1244,1501,1459,1431,1113,1477,947,991
Timor-Leste,50,1491567,616899,554177,663,1566,672,1997,1283,2877,1523,810,2545,629,1401,1808,388,1572,704,1094,1471,1080,1288,1261,1246,971,1209,759,816
Timor-Leste,75,1491567,429791,336949,604,1425,614,1741,1178,2589,1342,697,2261,561,1119,1577,248,1001,427,719,946,693,813,841,868,661,740,466,515
Togo,0,5690433,5690433,5690433,5975,5178,5474,7075,7537,4218,9413,4272,19231,1220,2821,5508,14836,13159,3789,7766,14780,13595,9941,12757,11952,12460,14348,17211,20266
Togo,10,5690433,4296578,4009423,5940,5131,5439,7030,7470,4215,9292,4173,19100,1216,2718,5407,14333,12729,3764,7726,14704,13548,9912,12712,11891,12390,14242,17087,20134
Togo,15,5690433,2842377,2811120,5604,4580,5015,6551,6623,4067,7953,3224,17311,1167,2159,4824,11554,10680,3269,7294,13747,12923,9373,12109,11146,11439,12695,15267,18090
Togo,20,5690433,901463,1173251,4148,3171,3372,4445,3761,2727,4965,1846,10183,782,1618,2884,4963,4679,1570,4896,9395,9205,6670,7730,7774,7038,7036,8356,8663
Togo,25,5690433,801500,1047910,3753,2870,3010,3948,3243,2409,4417,1648,8812,705,1515,2542,4407,4122,1408,4571,8900,8693,6334,7206,7333,6568,6431,7745,7875
Togo,30,5690433,551477,593027,2763,2018,2048,2753,2051,1686,3180,1172,5576,512,1243,1739,2914,2513,936,3447,7107,6762,5188,5446,5842,5003,4447,5731,5677
Togo,50,5690433,122729,150287,827,383,413,476,250,281,847,239,554,141,400,333,512,368,150,937,1635,1255,1090,1103,1260,1031,892,1148,1205
Togo,75,5690433,437,280,66,34,21,8,4,12,19,4,11,3,6,7,0,0,0,0,2,1,0,1,0,0,0,1,1
Trinidad and Tobago,0,515899,515899,515899,1852,736,742,749,1261,1800,1137,1290,1394,3431,379,743,813,1725,693,1410,767,991,699,921,354,388,926,1181,531
Trinidad and Tobago,10,515899,401487,392047,1836,731,731,738,1236,1765,1115,1277,1382,3415,376,717,766,1599,674,1366,745,955,666,870,323,379,861,1122,504
Trinidad and Tobago,15,515899,398364,390173,1834,730,729,738,1234,1763,1114,1275,1381,3413,375,716,764,1592,673,1362,743,953,664,867,321,377,857,1118,502
Trinidad and Tobago,20,515899,396148,389012,1832,728,729,736,1233,1760,1112,1273,1380,3410,375,715,763,1583,671,1358,742,951,662,865,319,377,853,1114,500
Trinidad and Tobago,25,515899,394274,386722,1831,727,728,735,1231,1758,1110,1272,1379,3408,375,715,761,1576,670,1356,740,950,661,863,318,376,851,1111,500
Trinidad and Tobago,30,515899,391844,383300,1829,726,726,734,1229,1756,1109,1270,1377,3407,375,714,759,1569,668,1351,739,947,658,860,316,375,847,1107,498
Trinidad and Tobago,50,515899,383108,366307,1803,715,716,723,1203,1725,1087,1251,1358,3380,372,705,749,1524,662,1334,732,935,649,846,309,369,830,1086,492
Trinidad and Tobago,75,515899,366322,342930,1682,650,667,678,1108,1556,1031,1178,1282,3250,362,680,726,1402,642,1284,715,905,628,809,294,357,792,1035,478
Tunisia,0,15486985,15486985,15486985,254,281,1755,367,713,422,974,928,1142,544,2531,1760,2260,4106,2806,2335,11752,1463,949,1526,2756,4259,6576,3110,3438
Tunisia,10,15486985,286598,216799,239,255,1598,334,657,371,900,757,1022,423,2274,1495,1456,2821,2180,1737,9544,1053,662,1180,2237,3317,4106,1905,1967
Tunisia,15,15486985,257343,201687,236,251,1575,329,652,365,892,744,1006,415,2247,1466,1392,2653,2054,1602,9127,982,632,1138,2184,3187,3850,1815,1785
Tunisia,20,15486985,249361,198884,235,247,1556,324,643,360,886,727,992,407,2227,1454,1371,2574,2004,1549,8990,954,611,1121,2157,3108,3702,1773,1721
Tunisia,25,15486985,235371,176548,232,244,1545,321,634,355,881,720,985,400,2211,1439,1340,2464,1926,1487,8724,920,597,1097,2128,3040,3576,1722,1630
Tunisia,30,15486985,223928,169320,231,244,1540,319,633,354,878,718,982,398,2205,1419,1301,2386,1880,1455,8534,905,574,1062,2079,2944,3447,1665,1573
Tunisia,50,15486985,178539,107354,209,211,1263,283,548,308,780,608,853,344,1978,1317,1147,1909,1555,1152,7345,739,461,927,1901,2506,2741,1392,1237
Tunisia,75,15486985,107347,51502,167,150,708,217,414,221,609,462,657,258,1515,1020,776,1010,869,597,4433,406,282,580,1417,1572,1551,871,579
Turkey,0,78070309,78070309,78070309,26223,29066,20145,34224,23776,31021,31636,37038,33999,20934,28946,35014,31816,32374,39383,40542,53569,54208,58436,68553,125805,97381,89939,68155,136559
Turkey,10,78070309,12908914,10869011,24607,27312,18900,31090,21804,28009,27785,32048,30369,18527,25816,31065,27596,27412,33835,32868,43213,44691,48483,56694,102821,72432,67912,51505,98086
Turkey,15,78070309,11968279,10024918,23527,26308,18198,29868,20915,26684,26348,30215,29086,17654,24772,30085,26776,26544,32897,31644,41570,43155,46994,54903,98988,68482,65236,49273,91969
Turkey,20,78070309,11557625,9840862,23196,26017,17954,29376,20605,26225,25767,29339,28484,17255,24262,29560,25989,25703,31894,30454,40080,41759,45422,53041,95224,65442,63025,47542,87839
Turkey,25,78070309,10668281,9212017,23050,25870,17849,29163,20487,26005,25503,29074,28274,17115,24067,28930,24010,23641,29622,27813,36737,38309,41894,48785,86043,58401,57995,43297,79141
Turkey,30,78070309,10060812,8957660,22910,25722,17744,28978,20411,25885,25344,28891,28108,17008,23888,28467,22543,22005,27735,25633,33901,35668,39118,45348,79284,53404,54044,40152,71915
Turkey,50,78070309,8213996,6609522,19425,21966,15013,24220,17624,21942,20472,23222,23655,14144,19677,23561,17883,17218,22327,19719,26063,27790,30165,34691,59781,39802,42424,30644,52770
Turkey,75,78070309,5909712,3842415,14920,16861,11461,17080,12972,15963,13361,14569,15699,9447,13584,16707,11504,11032,14913,12412,16347,17938,18821,21463,35440,22907,28057,19562,31943
Turkmenistan,0,48959751,48959751,48959751,75,166,103,43,46,21,56,92,23,13,28,39,27,16,0,0,0,0,0,2,1,0,2,2,9
Turkmenistan,10,48959751,31532,11113,58,135,93,31,34,15,45,80,16,10,20,10,2,2,0,0,0,0,0,0,0,0,0,0,0
Turkmenistan,15,48959751,19105,9938,55,131,90,30,32,14,44,78,14,9,19,10,1,2,0,0,0,0,0,0,0,0,0,0,0
Turkmenistan,20,48959751,14629,9745,49,116,87,29,31,14,41,76,13,9,18,9,1,2,0,0,0,0,0,0,0,0,0,0,0
Turkmenistan,25,48959751,12777,8316,49,112,86,29,31,14,39,75,13,9,18,9,1,2,0,0,0,0,0,0,0,0,0,0,0
Turkmenistan,30,48959751,10179,7564,46,105,85,29,31,14,38,75,13,9,17,9,0,1,0,0,0,0,0,0,0,0,0,0,0
Turkmenistan,50,48959751,5851,4492,24,68,56,22,22,11,15,62,8,8,7,6,0,1,0,0,0,0,0,0,0,0,0,0,0
Turkmenistan,75,48959751,2509,2081,15,50,26,14,15,8,10,45,5,6,5,4,0,1,0,0,0,0,0,0,0,0,0,0,0
Turks and Caicos Islands,0,99152,99152,99152,11,10,14,14,29,8,106,79,121,42,17,9,13,34,23,29,52,39,18,38,45,16,29,24,128
Turks and Caicos Islands,10,99152,15275,13152,10,6,11,12,25,6,86,68,112,41,16,8,12,32,22,21,35,37,18,36,44,16,25,22,59
Turks and Caicos Islands,15,99152,13599,13058,9,5,11,12,24,5,83,67,111,40,15,8,12,32,22,20,34,36,17,35,44,16,25,22,54
Turks and Caicos Islands,20,99152,12833,12518,9,5,11,11,24,5,79,66,109,39,15,8,12,32,22,20,34,36,17,35,44,16,24,22,53
Turks and Caicos Islands,25,99152,11728,12217,8,5,11,11,23,5,77,64,108,39,15,8,11,32,21,20,34,36,17,35,44,16,24,22,51
Turks and Caicos Islands,30,99152,10851,11082,8,5,10,10,22,5,74,61,106,38,15,8,11,31,21,19,33,36,17,34,43,16,24,22,48
Turks and Caicos Islands,50,99152,8653,8192,4,2,7,7,13,3,45,45,90,32,9,7,10,29,20,18,31,35,16,33,42,15,22,20,37
Turks and Caicos Islands,75,99152,5863,4629,1,0,3,3,6,2,16,16,44,13,2,4,7,22,15,13,23,28,12,24,34,10,17,16,23
Tuvalu,0,50,50,50,0,0,0,0,0,0,0,0,0,0,0,0,0,0,0,0,0,0,0,0,0,0,0,0,0
Tuvalu,10,50,0,0,0,0,0,0,0,0,0,0,0,0,0,0,0,0,0,0,0,0,0,0,0,0,0,0,0
Tuvalu,15,50,0,0,0,0,0,0,0,0,0,0,0,0,0,0,0,0,0,0,0,0,0,0,0,0,0,0,0
Tuvalu,20,50,0,0,0,0,0,0,0,0,0,0,0,0,0,0,0,0,0,0,0,0,0,0,0,0,0,0,0
Tuvalu,25,50,0,0,0,0,0,0,0,0,0,0,0,0,0,0,0,0,0,0,0,0,0,0,0,0,0,0,0
Tuvalu,30,50,0,0,0,0,0,0,0,0,0,0,0,0,0,0,0,0,0,0,0,0,0,0,0,0,0,0,0
Tuvalu,50,50,0,0,0,0,0,0,0,0,0,0,0,0,0,0,0,0,0,0,0,0,0,0,0,0,0,0,0
Tuvalu,75,50,0,0,0,0,0,0,0,0,0,0,0,0,0,0,0,0,0,0,0,0,0,0,0,0,0,0,0
Uganda,0,24143898,24143898,24143898,31404,12307,13689,20173,31650,31004,39211,40244,26109,35723,69021,32881,60652,71027,60307,75257,136322,101391,76181,88367,65811,83173,92739,89095,82693
Uganda,10,24143898,18356892,17846111,31401,12302,13685,20157,31644,30996,39202,40239,26105,35719,69013,32799,60270,70075,60196,75163,136115,101185,75953,88155,65411,82839,92198,88592,82154
Uganda,15,24143898,15964218,15678053,31347,12222,13624,20037,31526,30890,39096,40119,26011,35681,68904,32415,58497,67725,59755,74663,134844,100239,74938,87246,63936,81080,90040,86504,79893
Uganda,20,24143898,10688785,10059520,30728,11610,12892,19167,30493,29912,37991,38786,24850,35075,67502,30777,52599,60683,57068,71439,126490,93814,69297,80706,56232,72390,78808,74956,68823
Uganda,25,24143898,9974259,9406214,30526,11455,12706,18944,30215,29622,37727,38403,24522,34900,67052,30438,51683,59573,56548,70766,124912,92635,68325,79546,55064,71032,77054,73219,67136
Uganda,30,24143898,7764952,6926883,29659,10840,11980,18077,29172,28448,36627,36926,23294,34149,65067,29141,47750,54913,54021,67486,116903,86230,63268,73602,49245,64135,68916,64859,58786
Uganda,50,24143898,3270227,3064339,25435,7895,9520,14281,24290,23273,31204,30570,18485,30198,54167,23295,32030,36110,37228,45787,69577,51145,38644,42172,26838,34635,37338,33709,30719
Uganda,75,24143898,848521,932093,16683,3637,6113,8172,14250,12990,19004,18036,10645,20083,30321,13367,8811,9258,7963,10463,12064,9703,7336,8070,6482,7261,4994,5737,6854
Ukraine,0,60136098,60136098,60136098,29489,28091,39707,50856,37342,43336,65560,58283,49419,53007,61352,57013,39439,49013,51447,114323,91389,79331,49087,90362,77644,58611,82288,118424,93424
Ukraine,10,60136098,13159049,13332735,29211,27616,39383,50115,36954,42652,64868,55048,48824,52694,60844,56225,38368,47856,49759,109755,87745,75983,46062,82142,69665,50054,70724,91846,76292
Ukraine,15,60136098,12472015,12295284,28975,27300,39156,49732,36736,42293,64488,53290,48556,52563,60570,55995,38200,47679,49534,108952,87224,75598,45798,81354,68966,49530,69820,88724,75111
Ukraine,20,60136098,12064552,12146547,28909,27194,39057,49615,36638,42216,64383,53146,48432,52507,60471,55872,38110,47576,49392,108469,86916,75348,45655,80859,68535,49206,69339,87094,74350
Ukraine,25,60136098,11645828,11774211,28862,27134,39006,49551,36597,42173,64320,53081,48376,52472,60417,55725,37954,47426,49214,107838,86506,74994,45461,80315,67777,48768,68545,84375,73375
Ukraine,30,60136098,11133282,11363521,28826,27077,38955,49493,36558,42130,64267,53016,48322,52441,60356,55521,37712,47187,48914,106761,85861,74424,45144,79461,66593,47990,67103,80279,71907
Ukraine,50,60136098,9691025,9352621,27439,25095,36816,46981,34802,40254,62190,50242,46012,51147,58671,53815,35668,44897,46236,98497,80352,69604,42364,73849,61508,44200,61404,67696,65381
Ukraine,75,60136098,6855107,5595725,23023,19585,28391,36737,27529,32549,53880,41889,37801,43814,50042,45812,23763,31547,32267,63056,52034,43670,29054,48725,42026,29168,41673,42252,44423
United Arab Emirates,0,7109644,7109644,7109644,0,1,0,2,1,1,3,5,1,1,0,2,1,0,0,0,0,0,0,0,0,0,4,1,2
United Arab Emirates,10,7109644,2,4,0,0,0,0,0,0,0,0,0,0,0,0,0,0,0,0,0,0,0,0,0,0,0,0,0
United Arab Emirates,15,7109644,0,0,0,0,0,0,0,0,0,0,0,0,0,0,0,0,0,0,0,0,0,0,0,0,0,0,0
United Arab Emirates,20,7109644,0,0,0,0,0,0,0,0,0,0,0,0,0,0,0,0,0,0,0,0,0,0,0,0,0,0,0
United Arab Emirates,25,7109644,0,0,0,0,0,0,0,0,0,0,0,0,0,0,0,0,0,0,0,0,0,0,0,0,0,0,0
United Arab Emirates,30,7109644,0,0,0,0,0,0,0,0,0,0,0,0,0,0,0,0,0,0,0,0,0,0,0,0,0,0,0
United Arab Emirates,50,7109644,0,0,0,0,0,0,0,0,0,0,0,0,0,0,0,0,0,0,0,0,0,0,0,0,0,0,0
United Arab Emirates,75,7109644,0,0,0,0,0,0,0,0,0,0,0,0,0,0,0,0,0,0,0,0,0,0,0,0,0,0,0
United Kingdom,0,24682844,24682844,24682844,24838,20841,1919,25632,9366,22446,32168,12962,39094,29176,23219,36914,32516,33177,25725,31463,25412,28193,30854,25618,28775,37678,24655,26202,30279
United Kingdom,10,24682844,4506107,6548033,23791,20352,1887,25233,9064,21650,31606,12673,38405,28745,22820,35975,29222,30914,24345,29299,23461,26631,28854,23261,26675,34780,22126,23332,27157
United Kingdom,15,24682844,4085783,5983578,23557,20247,1878,25062,8984,21403,31444,12601,38123,28627,22747,35827,28971,30730,24240,29133,23322,26517,28716,23128,26544,34609,21971,23188,26984
United Kingdom,20,24682844,3956169,5809601,23449,20203,1876,25001,8951,21298,31363,12571,38011,28581,22726,35793,28920,30684,24221,29103,23292,26497,28686,23095,26512,34557,21919,23146,26936
United Kingdom,25,24682844,3846212,5431324,23358,20157,1872,24921,8923,21186,31292,12537,37874,28533,22696,35736,28758,30506,24078,28923,23145,26339,28503,22935,26321,34303,21729,22950,26707
United Kingdom,30,24682844,3697148,5031035,23248,20106,1867,24840,8873,21054,31215,12504,37717,28470,22663,35664,28590,30370,23997,28806,23045,26250,28393,22836,26216,34175,21609,22835,26566
United Kingdom,50,24682844,2963597,3466026,20860,18796,1730,23044,8213,18906,29609,11804,34904,27317,22095,34696,27118,29086,23144,27604,21948,25197,27149,21772,24998,32573,20352,21663,25119
United Kingdom,75,24682844,1520244,1778072,13377,14311,1380,17664,6212,12981,24548,9533,28165,23391,19928,31224,21463,23063,18612,21800,16861,19917,20891,16832,19118,24769,14749,16439,19113
United States,0,947283215,947283215,947283215,2011558,2198223,1731116,2894846,2820338,2738830,2561365,2285832,1674904,2215580,1722807,2072043,2094427,2121645,2769084,2806175,2857684,2514855,2526146,2370224,2439470,2691637,1719445,2129165,2077016
United States,10,947283215,314962786,302132227,1973281,2101466,1684346,2823273,2756908,2659956,2484959,2241617,1634715,2189949,1683613,2005806,1833350,1836705,2421905,2406718,2465294,2230650,2240219,2115390,2200950,2361044,1461055,1788347,1724319
United States,15,947283215,303019348,291775021,1968426,2088388,1676931,2804356,2741424,2645759,2474670,2236371,1630023,2185949,1679546,1997271,1808535,1812521,2381112,2369633,2425911,2198872,2204209,2081446,2164824,2312624,1440861,1732878,1680337
United States,20,947283215,293869386,283202995,1961843,2074917,1669249,2786670,2726172,2634269,2463398,2229760,1623225,2179619,1674693,1986109,1783574,1783559,2346843,2328087,2379299,2155187,2170172,2033125,2118122,2275256,1419040,1676894,1636086
United States,25,947283215,287033925,279816253,1953398,2058398,1662267,2772927,2715377,2625360,2453006,2223748,1618085,2174684,1669822,1975403,1759892,1759674,2322494,2296659,2344636,2121500,2142206,1997377,2079437,2243916,1401624,1630841,1603889
United States,30,947283215,279375325,271961089,1943318,2038415,1649364,2746244,2691531,2605853,2435115,2213710,1608982,2167603,1663676,1964078,1736445,1736529,2289653,2264072,2311359,2092361,2109922,1966727,2044299,2204643,1382423,1596539,1573245
United States,50,947283215,244566360,227562439,1856940,1870715,1544209,2458611,2434764,2416771,2307131,2136133,1522000,2008106,1611276,1888180,1571412,1607384,1957755,2058810,2099066,1911152,1850821,1780486,1851286,1893519,1280174,1393562,1367753
United States,75,947283215,198290044,179961644,1666268,1621669,1341042,1997013,1934131,2000228,2034864,1960746,1382965,1768407,1501799,1752060,1341926,1426390,1468897,1746271,1839598,1658877,1490658,1515920,1580914,1472092,1115415,1138055,1109694
UnitedStatesMinorOutlyingIsl,0,542,542,542,3,7,0,0,85,0,0,0,0,0,0,11,0,0,0,0,0,0,0,0,0,0,0,0,0
UnitedStatesMinorOutlyingIsl,10,542,165,90,3,7,0,0,85,0,0,0,0,0,0,11,0,0,0,0,0,0,0,0,0,0,0,0,0
UnitedStatesMinorOutlyingIsl,15,542,158,89,3,7,0,0,85,0,0,0,0,0,0,10,0,0,0,0,0,0,0,0,0,0,0,0,0
UnitedStatesMinorOutlyingIsl,20,542,154,83,3,7,0,0,85,0,0,0,0,0,0,10,0,0,0,0,0,0,0,0,0,0,0,0,0
UnitedStatesMinorOutlyingIsl,25,542,151,81,2,7,0,0,85,0,0,0,0,0,0,10,0,0,0,0,0,0,0,0,0,0,0,0,0
UnitedStatesMinorOutlyingIsl,30,542,146,74,2,7,0,0,84,0,0,0,0,0,0,10,0,0,0,0,0,0,0,0,0,0,0,0,0
UnitedStatesMinorOutlyingIsl,50,542,122,43,1,6,0,0,83,0,0,0,0,0,0,8,0,0,0,0,0,0,0,0,0,0,0,0,0
UnitedStatesMinorOutlyingIsl,75,542,100,16,1,6,0,0,77,0,0,0,0,0,0,6,0,0,0,0,0,0,0,0,0,0,0,0,0
Uruguay,0,17759937,17759937,17759937,7808,7025,10789,15500,16235,21386,21926,24089,19642,17959,30257,37828,35153,48299,34978,64031,70567,66271,54037,45682,61865,58285,93369,52631,49250
Uruguay,10,17759937,1872030,2535620,7715,6948,10670,15251,16046,21174,21704,23846,19439,17886,28216,32007,20024,26803,18460,25479,23732,21355,15743,13887,18588,17284,22603,12544,10331
Uruguay,15,17759937,1829155,2476501,7700,6937,10656,15218,16023,21144,21663,23813,19409,17877,28176,31908,19803,26496,18227,25039,23242,20862,15423,13561,18165,16922,22221,12314,10111
Uruguay,20,17759937,1773073,2356119,7684,6921,10641,15184,15995,21106,21615,23764,19375,17864,28104,31681,19574,26169,17967,24509,22656,20315,15052,13255,17711,16511,21673,11954,9799
Uruguay,25,17759937,1740862,2249717,7676,6914,10632,15169,15981,21080,21597,23743,19361,17857,28063,31545,19417,25921,17781,24202,22326,19991,14822,13063,17443,16237,21386,11766,9649
Uruguay,30,17759937,1693390,2116774,7662,6898,10613,15125,15946,21040,21549,23687,19312,17841,28006,31403,19245,25660,17586,23860,21902,19531,14522,12733,17035,15873,20955,11482,9399
Uruguay,50,17759937,1383875,1602042,7360,6637,10216,14400,15286,20151,20653,22763,18575,17568,26987,30250,17688,23377,15966,20815,18880,16256,12034,10425,13992,12805,17254,9213,7605
Uruguay,75,17759937,848052,1104321,6558,6008,9075,12552,13126,16285,17094,18455,15378,15517,20716,23436,12032,15153,10593,12048,11443,8797,5753,5300,6835,5726,7774,4343,3399
Uzbekistan,0,44755382,44755382,44755382,356,344,86,100,42,87,76,77,168,56,100,108,124,102,0,0,8,2,44,23,39,31,46,56,104
Uzbekistan,10,44755382,256007,124592,316,281,57,61,25,61,48,48,110,39,36,65,39,91,0,0,3,1,19,4,5,9,2,6,17
Uzbekistan,15,44755382,175829,98927,304,274,56,56,23,58,46,46,103,37,35,62,33,86,0,0,2,1,18,4,5,8,2,5,14
Uzbekistan,20,44755382,155917,95185,300,269,54,50,22,56,44,44,99,34,34,59,30,85,0,0,2,1,18,4,4,8,1,5,13
Uzbekistan,25,44755382,122797,79314,296,267,53,49,21,54,44,44,97,32,33,56,26,83,0,0,2,1,18,4,4,8,1,5,12
Uzbekistan,30,44755382,106176,74271,295,265,53,49,21,53,43,44,96,32,33,55,25,83,0,0,2,0,18,3,4,7,1,4,10
Uzbekistan,50,44755382,51378,37573,228,195,41,37,17,35,32,34,75,22,26,40,15,63,0,0,1,0,13,2,1,6,0,3,6
Uzbekistan,75,44755382,20471,19414,125,110,26,19,9,13,19,18,43,12,16,23,8,36,0,0,1,0,2,1,1,4,0,2,1
Vanuatu,0,1231888,1231888,1231888,125,109,534,380,258,221,113,196,1102,314,622,205,1161,669,3507,1354,444,1033,261,3954,60,50,922,352,301
Vanuatu,10,1231888,1186146,1157354,125,108,532,379,256,220,112,195,1099,308,612,200,1125,643,3485,1343,437,1032,254,3939,58,48,857,320,293
Vanuatu,15,1231888,1185247,1156300,125,108,532,379,256,219,112,194,1099,308,612,200,1123,642,3485,1343,437,1032,253,3937,58,48,855,318,293
Vanuatu,20,1231888,1183243,1153906,124,108,531,378,255,219,112,194,1097,308,610,199,1116,638,3480,1341,437,1032,252,3936,58,48,849,314,292
Vanuatu,25,1231888,1182459,1151181,124,108,530,378,255,219,112,194,1097,308,609,199,1115,637,3480,1341,436,1031,252,3935,58,48,843,313,292
Vanuatu,30,1231888,1181153,1148002,124,108,529,378,254,219,112,194,1096,308,607,198,1111,634,3476,1341,436,1031,252,3935,58,48,840,311,292
Vanuatu,50,1231888,1161474,1101226,122,107,524,374,249,217,111,192,1092,305,596,186,1011,585,3380,1265,423,1024,238,3927,56,46,777,283,275
Vanuatu,75,1231888,1098452,1031567,116,101,496,348,223,200,104,178,1071,281,568,162,779,464,3015,975,381,997,186,3869,48,40,612,219,235
Venezuela,0,91236016,91236016,91236016,131385,96563,91315,97029,101022,92308,122112,129874,152699,105040,79393,120988,87923,133834,74651,233707,189271,128162,156774,153308,71837,63999,93357,182854,86804
Venezuela,10,91236016,58841582,59762429,126865,92791,88883,93126,97054,87714,116907,123461,145829,102436,75732,108555,67730,106349,63967,212542,172924,115530,143581,142283,66146,57559,79446,148853,66968
Venezuela,15,91236016,58205867,59133217,126188,92232,88491,92586,96528,87192,116294,122793,145064,102167,75436,107971,66939,104969,63280,210981,170802,114516,142781,141361,65619,57048,78655,147737,66026
Venezuela,20,91236016,57533859,58681606,125405,91569,88062,92007,95973,86618,115613,122029,144192,101875,75081,107290,66070,103516,62582,209559,169259,113660,142077,140493,65146,56580,77873,146767,65207
Venezuela,25,91236016,57104618,58107257,124713,91065,87726,91574,95545,86138,115073,121411,143458,101651,74820,106770,65506,102585,62140,208804,168418,113148,141652,140062,64874,56306,77406,146139,64684
Venezuela,30,91236016,56519470,57258605,123901,90340,87218,90926,94954,85504,114340,120586,142453,101297,74407,105952,64489,100940,61336,207337,166998,112166,140699,139221,64337,55749,76608,145093,63795
Venezuela,50,91236016,53732757,52361778,114575,82920,81182,83842,87682,77771,106058,110195,129988,96122,69765,98308,59042,92033,56803,199550,158808,106829,135594,134754,61389,52861,72315,139530,59150
Venezuela,75,91236016,49356107,47230099,92588,62816,67000,64679,68444,59678,84734,82025,96955,81822,56691,79270,48962,74938,47788,182180,137692,93862,124588,123156,54149,46170,63469,128421,50084
Vietnam,0,32926971,32926971,32926971,51241,55126,46080,79458,109151,83525,84413,117691,144967,184345,143987,214837,199894,333063,319421,497730,430654,346453,345334,325426,331062,291620,257893,263684,239446
Vietnam,10,32926971,18145742,18151265,48867,51722,44197,75870,104636,80486,81715,111172,139962,177716,134329,188453,144236,237972,237392,383504,315439,249029,240475,228791,216073,186060,154117,147828,135998
Vietnam,15,32926971,17536622,17398359,48472,51112,43842,75257,103792,79946,81283,110178,139188,176506,133187,186205,140739,231712,231390,373906,306434,241404,232837,221775,208360,178910,147562,141092,129812
Vietnam,20,32926971,17239030,17158643,48071,50577,43537,74703,103245,79506,80879,109550,138698,175768,132422,184492,137725,226767,226930,367415,300191,236382,227894,217360,203621,174716,143701,137072,126142
Vietnam,25,32926971,16985200,16798172,47764,50133,43270,74267,102751,79158,80577,108924,138220,175048,131710,183111,135682,223301,223827,362703,295715,232581,224149,214182,200197,171613,140875,134078,123413
Vietnam,30,32926971,16550835,16371001,47457,49624,43005,73882,102213,78782,80230,108305,137761,174282,130811,181276,132425,217325,217883,353431,287000,225177,216777,207648,193094,165149,135321,128462,118343
Vietnam,50,32926971,14759492,14226719,44386,45010,40009,69229,96099,74377,76525,101963,132736,166190,124771,170295,115554,188466,190409,311441,249107,193809,185448,179466,164368,138887,112190,105156,96224
Vietnam,75,32926971,10678770,9612576,34031,30935,28788,53181,72718,56370,59083,79255,108736,133507,103132,139903,69102,111509,113925,193616,149513,112678,106623,105725,94779,77810,61195,55672,51350
"Virgin Islands, U.S.",0,36214,36214,36214,126,21,41,34,21,76,26,41,89,22,51,29,31,24,0,10,1155,51,39,29,23,46,41,26,36
"Virgin Islands, U.S.",10,36214,20387,19405,123,21,40,33,20,75,25,40,87,22,50,27,28,22,0,9,1130,46,21,14,19,34,30,21,33
"Virgin Islands, U.S.",15,36214,19885,19349,123,21,40,33,20,74,25,40,87,22,50,27,28,22,0,9,1129,46,21,14,19,34,28,21,33
"Virgin Islands, U.S.",20,36214,19622,19158,123,21,40,33,20,74,25,40,87,22,50,27,28,22,0,9,1128,46,21,14,19,34,28,21,33
"Virgin Islands, U.S.",25,36214,19354,19008,123,21,40,33,20,74,25,40,87,22,50,27,27,22,0,9,1128,46,20,14,19,34,27,21,33
"Virgin Islands, U.S.",30,36214,18998,18647,123,21,40,33,20,74,25,40,86,21,50,27,27,21,0,9,1126,45,20,14,19,34,27,21,33
"Virgin Islands, U.S.",50,36214,17846,16940,120,20,39,33,19,72,25,39,84,21,49,26,27,21,0,9,1122,44,17,14,19,33,24,20,32
"Virgin Islands, U.S.",75,36214,15810,14163,109,18,35,31,16,65,22,34,73,19,44,24,25,19,0,8,1098,39,14,12,17,27,20,19,30
Western Sahara,0,26732284,26732284,26732284,0,0,0,0,0,0,0,0,0,0,0,0,0,0,0,0,0,0,0,0,0,0,0,0,0
Western Sahara,10,26732284,0,1,0,0,0,0,0,0,0,0,0,0,0,0,0,0,0,0,0,0,0,0,0,0,0,0,0
Western Sahara,15,26732284,0,0,0,0,0,0,0,0,0,0,0,0,0,0,0,0,0,0,0,0,0,0,0,0,0,0,0
Western Sahara,20,26732284,0,0,0,0,0,0,0,0,0,0,0,0,0,0,0,0,0,0,0,0,0,0,0,0,0,0,0
Western Sahara,25,26732284,0,0,0,0,0,0,0,0,0,0,0,0,0,0,0,0,0,0,0,0,0,0,0,0,0,0,0
Western Sahara,30,26732284,0,0,0,0,0,0,0,0,0,0,0,0,0,0,0,0,0,0,0,0,0,0,0,0,0,0,0
Western Sahara,50,26732284,0,0,0,0,0,0,0,0,0,0,0,0,0,0,0,0,0,0,0,0,0,0,0,0,0,0,0
Western Sahara,75,26732284,0,0,0,0,0,0,0,0,0,0,0,0,0,0,0,0,0,0,0,0,0,0,0,0,0,0,0
Yemen,0,45217988,45217988,45217988,7,14,2,2,19,3,2,2,9,16,44,11,23,14,0,0,0,0,0,0,0,0,42,7,6
Yemen,10,45217988,6779,12094,1,0,0,1,0,0,0,0,0,0,1,0,0,0,0,0,0,0,0,0,0,0,0,0,0
Yemen,15,45217988,3115,5767,0,0,0,0,0,0,0,0,0,0,0,0,0,0,0,0,0,0,0,0,0,0,0,0,0
Yemen,20,45217988,420,537,0,0,0,0,0,0,0,0,0,0,0,0,0,0,0,0,0,0,0,0,0,0,0,0,0
Yemen,25,45217988,258,248,0,0,0,0,0,0,0,0,0,0,0,0,0,0,0,0,0,0,0,0,0,0,0,0,0
Yemen,30,45217988,126,147,0,0,0,0,0,0,0,0,0,0,0,0,0,0,0,0,0,0,0,0,0,0,0,0,0
Yemen,50,45217988,10,22,0,0,0,0,0,0,0,0,0,0,0,0,0,0,0,0,0,0,0,0,0,0,0,0,0
Yemen,75,45217988,0,0,0,0,0,0,0,0,0,0,0,0,0,0,0,0,0,0,0,0,0,0,0,0,0,0,0
Zambia,0,75117409,75117409,75117409,42299,65561,69476,55690,115101,79458,89970,138409,201289,237870,84328,165277,157571,231549,167607,262793,374395,311370,261704,345134,414966,360218,394608,434820,496159
Zambia,10,75117409,61109762,62189429,41930,65327,68831,55130,113919,78808,89383,136694,198943,236439,83952,164237,152954,226171,164777,259403,365758,305408,257600,339205,407710,355410,388064,426055,488091
Zambia,15,75117409,51012666,49957854,39751,63109,63427,49823,105862,73117,84152,124332,183173,223805,81584,160506,145227,215084,157669,249349,342143,287527,245897,322117,386988,340198,370705,406528,468041
Zambia,20,75117409,34075902,32338892,34479,54817,51462,37060,78701,53452,67067,91322,145408,195674,70912,146140,116108,165161,122733,196499,245885,210668,183058,240697,293831,262251,278119,315474,372648
Zambia,25,75117409,31595921,30481021,33744,53425,49714,35458,74706,50990,64422,86326,139743,191301,68993,143101,109811,154722,115315,185201,227498,195971,170397,224120,274360,245109,259437,297636,353010
Zambia,30,75117409,24075024,22464659,30104,46275,42088,28472,57545,40469,53768,66102,117626,172816,60115,128442,84673,114810,87182,141401,162432,143920,124580,162802,201228,179007,190290,229625,277033
Zambia,50,75117409,9201652,7224370,19803,22592,21915,14157,23047,19304,24022,22777,61276,91130,33474,65876,32704,37913,33423,55100,56141,50641,45410,56673,69971,61795,66217,87851,109840
Zambia,75,75117409,42692,18282,3246,985,2139,518,961,773,1362,1148,1561,4283,2173,3030,246,216,215,389,486,573,516,354,352,349,426,831,697
Zimbabwe,0,39004305,39004305,39004305,19570,24841,22619,31170,38203,34797,46178,24509,69585,28006,19265,36772,26041,26040,27446,24983,67262,21826,26688,17565,32788,22692,18637,19465,25670
Zimbabwe,10,39004305,18361728,18992873,19120,23912,21865,30118,37120,33592,43873,23511,67075,26969,18915,35156,22063,22689,25052,23322,59950,19560,24800,15770,28389,20503,16639,17071,22258
Zimbabwe,15,39004305,8870110,9617916,16189,19526,17930,23792,30857,27681,31874,17484,52209,20835,16580,29846,17845,18523,21377,20248,50071,15833,21420,12920,22634,17098,13591,13484,18197
Zimbabwe,20,39004305,2934631,2258955,11356,11905,10472,12803,18097,18857,15296,8888,29459,10786,11754,19014,12229,12763,15503,14457,34110,9601,15070,8399,13502,11211,8405,8145,11651
Zimbabwe,25,39004305,2407325,1922588,10689,10985,9668,11739,16514,17915,13650,8008,26763,9614,11100,17684,11448,11866,14569,13464,31651,8691,14061,7749,12175,10313,7605,7453,10746
Zimbabwe,30,39004305,1411915,1059391,8191,8010,7313,8418,11748,14875,9296,5427,19396,6628,9033,13790,9608,9614,12243,10926,25914,6542,11514,6201,9012,8227,5668,5835,8529
Zimbabwe,50,39004305,292640,269243,4216,3636,4203,4389,4984,9859,4244,1984,8679,2352,5417,7029,5960,5251,7857,6082,15806,3149,6743,3302,3349,4222,2478,3184,4389
Zimbabwe,75,39004305,79816,25423,990,859,1109,1484,1654,3798,1785,854,4147,953,2438,3606,2747,2369,3841,2471,5590,1216,2297,1318,1116,1552,837,1418,1542
Åland,0,150614,150614,150614,398,278,221,737,700,101,249,1293,677,635,467,656,513,558,575,691,757,632,2384,686,1373,1235,1141,996,735
Åland,10,150614,113793,114815,398,278,221,736,700,101,248,1293,677,635,466,655,511,552,570,678,740,622,2368,676,1358,1180,1104,962,714
Åland,15,150614,110812,109046,397,278,221,736,699,100,248,1293,676,634,466,655,510,551,569,676,738,622,2366,676,1357,1176,1099,958,711
Åland,20,150614,109898,108508,397,278,221,736,699,100,248,1292,676,634,466,655,510,551,568,675,737,621,2364,675,1357,1173,1098,955,710
Åland,25,150614,108749,104703,397,278,221,736,699,100,248,1292,676,634,466,655,510,551,568,674,736,620,2363,674,1356,1170,1096,954,708
Åland,30,150614,107739,103086,397,278,221,736,699,100,248,1292,676,634,466,655,510,550,567,673,735,620,2361,673,1355,1166,1093,951,706
Åland,50,150614,87773,85300,389,274,216,728,691,98,245,1275,669,626,461,650,506,536,548,641,705,604,2331,663,1327,1098,1044,899,662
Åland,75,150614,60890,60461,357,256,205,694,661,92,237,1204,626,597,443,618,472,481,484,550,606,537,2180,607,1193,926,910,756,560
